{"type":"FeatureCollection","features":[{"type":"Feature","properties":{"country_code":"BR","region_code":"BR-RS","name":"Rio Grande do Sul","native_name":"Rio Grande do Sul","type":"State"},"geometry":{"type":"Polygon","coordinates":[[[-57.44313,-30.269469],[-57.567463,-30.256343],[-57.611698,-30.182963],[-57.506175,-30.144309],[-57.325153,-29.981011],[-57.291511,-29.81513],[-57.219629,-29.778336],[-57.112866,-29.766037],[-57.020933,-29.683355],[-56.965795,-29.600879],[-56.819034,-29.474996],[-56.769941,-29.379084],[-56.688654,-29.329578],[-56.617289,-29.160906],[-56.548301,-29.109953],[-56.427972,-29.069852],[-56.391618,-28.952237],[-56.301003,-28.88144],[-56.286146,-28.780154],[-56.184705,-28.744188],[-56.040812,-28.609002],[-56.011589,-28.496554],[-55.902035,-28.465135],[-55.905601,-28.378008],[-55.842349,-28.346382],[-55.734604,-28.365916],[-55.714967,-28.404467],[-55.694244,-28.400126],[-55.6636,-28.326539],[-55.687216,-28.290055],[-55.766591,-28.257602],[-55.772534,-28.231971],[-55.684064,-28.196211],[-55.604741,-28.116939],[-55.553478,-28.145568],[-55.505935,-28.078905],[-55.440746,-28.078905],[-55.314113,-27.914987],[-55.26024,-27.919225],[-55.177558,-27.853596],[-55.119241,-27.880881],[-55.09994,-27.843777],[-55.029634,-27.850702],[-55.081155,-27.778252],[-54.985192,-27.78528],[-54.913207,-27.736911],[-54.898272,-27.623636],[-54.845097,-27.611854],[-54.805048,-27.526381],[-54.773939,-27.563794],[-54.690326,-27.551289],[-54.666452,-27.50385],[-54.651233,-27.525864],[-54.625912,-27.515322],[-54.589454,-27.452587],[-54.543255,-27.487003],[-54.448377,-27.458891],[-54.464552,-27.423338],[-54.444553,-27.408972],[-54.388898,-27.411142],[-54.371586,-27.454447],[-54.347712,-27.435844],[-54.347712,-27.394296],[-54.286888,-27.428402],[-54.231646,-27.38055],[-54.177024,-27.243401],[-54.158059,-27.279471],[-54.091758,-27.285155],[-54.005148,-27.18821],[-53.961792,-27.191414],[-53.964117,-27.154],[-53.909495,-27.168263],[-53.88221,-27.119894],[-53.840837,-27.168147],[-53.786014,-27.148368],[-53.736068,-27.18139],[-53.677364,-27.153949],[-53.653438,-27.216013],[-53.587964,-27.175033],[-53.502,-27.191777],[-53.485567,-27.11359],[-53.445802,-27.13824],[-53.402032,-27.120411],[-53.368856,-27.071991],[-53.283228,-27.106149],[-53.314234,-27.195497],[-53.28961,-27.197616],[-53.217418,-27.161391],[-53.176464,-27.181855],[-53.149153,-27.133434],[-53.088304,-27.161391],[-53.053552,-27.099327],[-53.017508,-27.083153],[-53.002056,-27.095917],[-53.019962,-27.146043],[-52.986295,-27.151986],[-52.994202,-27.222059],[-52.944773,-27.163458],[-52.926635,-27.20237],[-52.868576,-27.161391],[-52.738248,-27.250119],[-52.717759,-27.237097],[-52.699181,-27.27389],[-52.673394,-27.250119],[-52.543041,-27.236477],[-52.485628,-27.257147],[-52.457077,-27.216013],[-52.416097,-27.271255],[-52.398837,-27.242471],[-52.382585,-27.287998],[-52.33419,-27.278076],[-52.314631,-27.29637],[-52.297707,-27.245313],[-52.25112,-27.248569],[-52.26838,-27.279161],[-52.231768,-27.319056],[-52.179058,-27.268154],[-52.159498,-27.29544],[-52.117201,-27.292597],[-52.111103,-27.329133],[-52.01961,-27.328667],[-52.008939,-27.359208],[-51.96491,-27.368355],[-51.950596,-27.38732],[-52.012039,-27.394142],[-51.931011,-27.44618],[-51.956797,-27.462406],[-51.915844,-27.449384],[-51.877241,-27.520439],[-51.861222,-27.476049],[-51.853651,-27.513101],[-51.779289,-27.523849],[-51.779082,-27.490053],[-51.717329,-27.510672],[-51.675626,-27.476049],[-51.643018,-27.510827],[-51.612865,-27.490105],[-51.59607,-27.537544],[-51.562971,-27.523849],[-51.551266,-27.571288],[-51.466181,-27.561625],[-51.388253,-27.654849],[-51.34686,-27.627202],[-51.334561,-27.669112],[-51.28583,-27.681514],[-51.292032,-27.716292],[-51.226868,-27.767814],[-51.189635,-27.764713],[-51.080494,-27.821092],[-51.012385,-27.934677],[-50.945334,-27.961704],[-50.886165,-28.025214],[-50.892469,-28.082575],[-50.869964,-28.091722],[-50.867484,-28.127172],[-50.792372,-28.133993],[-50.743977,-28.237036],[-50.696177,-28.264321],[-50.621065,-28.374185],[-50.539158,-28.415785],[-50.483916,-28.402142],[-50.34674,-28.449943],[-50.217007,-28.449943],[-50.161765,-28.484049],[-50.133834,-28.442501],[-50.110553,-28.470407],[-50.037974,-28.480173],[-49.972913,-28.450459],[-49.936688,-28.471492],[-49.873152,-28.449943],[-49.816618,-28.495728],[-49.780961,-28.497743],[-49.757087,-28.470407],[-49.707193,-28.531333],[-49.704273,-28.608693],[-49.780444,-28.609933],[-49.845944,-28.696904],[-49.89992,-28.732354],[-49.920177,-28.717472],[-49.960821,-28.832658],[-49.948677,-28.960971],[-50.00255,-29.098482],[-50.045131,-29.11631],[-50.069677,-29.092643],[-50.162152,-29.190259],[-50.167863,-29.283742],[-50.045854,-29.354332],[-50.038413,-29.305033],[-50.094043,-29.252478],[-49.954542,-29.193825],[-49.870594,-29.217855],[-49.713531,-29.324477],[-50.045318,-29.814548],[-50.315663,-30.461521],[-50.599517,-30.881443],[-50.721425,-31.044529],[-51.151845,-31.481541],[-51.563344,-31.777439],[-51.863515,-31.931736],[-52.077382,-32.16725],[-52.035756,-32.027927],[-52.05663,-31.988377],[-52.012196,-31.950616],[-52.087961,-31.858575],[-52.08727,-31.827813],[-52.048451,-31.808282],[-51.92276,-31.868748],[-51.836334,-31.854913],[-51.81371,-31.828383],[-51.834096,-31.80047],[-51.704498,-31.792739],[-51.666168,-31.769708],[-51.512563,-31.615981],[-51.498687,-31.574884],[-51.447621,-31.612726],[-51.46349,-31.557224],[-51.422515,-31.485121],[-51.413482,-31.517836],[-51.377797,-31.526951],[-51.244985,-31.464044],[-51.158559,-31.286391],[-51.176137,-31.149347],[-51.161855,-31.077732],[-51.013987,-31.062758],[-51.003163,-31.132908],[-50.975942,-31.130955],[-50.935902,-31.087823],[-50.98766,-31.045587],[-50.95641,-30.922784],[-50.978424,-30.893324],[-50.913889,-30.893324],[-50.760121,-30.815118],[-50.692616,-30.726495],[-50.689524,-30.464044],[-50.725657,-30.363051],[-50.689931,-30.353204],[-50.645131,-30.392185],[-50.649892,-30.438572],[-50.607533,-30.485121],[-50.565012,-30.450128],[-50.539866,-30.267511],[-50.614817,-30.186212],[-50.675852,-30.217706],[-50.653432,-30.25156],[-50.671986,-30.288995],[-50.779124,-30.293227],[-50.799387,-30.3235],[-50.912994,-30.316664],[-50.932851,-30.380629],[-50.915395,-30.436212],[-50.936391,-30.431573],[-51.034088,-30.375665],[-51.023101,-30.263767],[-51.079457,-30.237888],[-51.122548,-30.256036],[-51.180491,-30.200372],[-51.233022,-30.189874],[-51.217112,-30.156345],[-51.25121,-30.107843],[-51.237538,-30.039646],[-51.259348,-30.046808],[-51.283518,-30.00742],[-51.326975,-30.224542],[-51.28246,-30.221368],[-51.264882,-30.244887],[-51.292144,-30.271661],[-51.237538,-30.313246],[-51.204091,-30.285333],[-51.187734,-30.360121],[-51.090647,-30.351983],[-51.114817,-30.401056],[-51.200429,-30.399835],[-51.250478,-30.462335],[-51.290191,-30.624444],[-51.269683,-30.781834],[-51.297678,-30.795343],[-51.313954,-30.773207],[-51.289459,-30.767348],[-51.291168,-30.739923],[-51.322499,-30.642185],[-51.377105,-30.642267],[-51.361887,-30.879164],[-51.455434,-30.889418],[-51.485707,-30.967055],[-51.470815,-31.053318],[-51.443023,-31.080987],[-51.623606,-31.135349],[-51.650868,-31.205499],[-51.637522,-31.256524],[-51.818959,-31.272231],[-51.856923,-31.311212],[-51.92276,-31.306899],[-51.963531,-31.332289],[-51.94286,-31.359308],[-51.998525,-31.409356],[-52.00475,-31.539727],[-51.984853,-31.573907],[-52.007924,-31.646173],[-52.040151,-31.570245],[-52.083323,-31.558689],[-52.089955,-31.606134],[-52.041249,-31.622654],[-52.063344,-31.66546],[-52.218617,-31.740655],[-52.210194,-31.80047],[-52.248443,-31.861993],[-52.13386,-31.930841],[-52.23766,-31.966404],[-52.258616,-32.053643],[-52.211171,-32.056736],[-52.238108,-32.080987],[-52.213979,-32.086114],[-52.124094,-32.029474],[-52.08141,-32.031996],[-52.168935,-32.100681],[-52.139719,-32.119073],[-52.08727,-32.067315],[-52.091176,-32.166111],[-52.253407,-32.282485],[-52.375315,-32.498712],[-52.470855,-32.800958],[-52.644887,-33.136977],[-52.819488,-33.322524],[-53.266347,-33.67669],[-53.379095,-33.740676],[-53.411283,-33.74228],[-53.456707,-33.687503],[-53.511535,-33.690294],[-53.539647,-33.649263],[-53.514016,-33.394911],[-53.536857,-33.170842],[-53.48332,-33.067283],[-53.327309,-32.973645],[-53.298835,-32.889102],[-53.110836,-32.722394],[-53.201477,-32.637232],[-53.415624,-32.564161],[-53.5613,-32.449543],[-53.643879,-32.355595],[-53.658555,-32.254309],[-53.721445,-32.162428],[-53.757308,-32.055045],[-53.858077,-32.021197],[-53.905826,-31.959288],[-54.008714,-31.926526],[-54.049745,-31.887148],[-54.088451,-31.878156],[-54.146277,-31.909886],[-54.274228,-31.823379],[-54.463725,-31.671864],[-54.495041,-31.565617],[-54.604543,-31.459784],[-54.849903,-31.425057],[-54.969637,-31.340825],[-55.029375,-31.268788],[-55.087253,-31.326769],[-55.244349,-31.244603],[-55.2937,-31.153653],[-55.338039,-31.125644],[-55.368579,-31.037381],[-55.591873,-30.848348],[-55.649673,-30.860958],[-55.652748,-30.938989],[-55.731891,-30.945397],[-55.763594,-31.008442],[-55.854596,-31.074588],[-56.011357,-31.082133],[-56.015517,-30.934338],[-55.988955,-30.85579],[-56.011357,-30.798222],[-56.076857,-30.752334],[-56.215091,-30.581905],[-56.385985,-30.475761],[-56.575017,-30.302439],[-56.631345,-30.284662],[-56.641783,-30.233916],[-56.831281,-30.102037],[-57.077106,-30.106068],[-57.129557,-30.149993],[-57.163819,-30.23929],[-57.212601,-30.287349],[-57.270376,-30.275154],[-57.296472,-30.293344],[-57.353833,-30.27195],[-57.399257,-30.299131],[-57.44313,-30.269469]]]}},{"type":"Feature","properties":{"country_code":"BR","region_code":"BR-RR","name":"Roraima","native_name":"Roraima","type":"State"},"geometry":{"type":"Polygon","coordinates":[[[-60.213426,5.267225],[-60.176555,5.22715],[-60.131725,5.243402],[-60.075734,5.140824],[-59.983104,5.085944],[-60.032455,4.725423],[-60.087697,4.607523],[-60.161543,4.565201],[-60.159992,4.527787],[-60.120925,4.502362],[-60.087775,4.525539],[-60.055606,4.491587],[-59.953132,4.505876],[-59.914555,4.474353],[-59.809626,4.465749],[-59.68674,4.381181],[-59.738468,4.286587],[-59.738468,4.202768],[-59.646174,4.134038],[-59.663253,4.079726],[-59.59628,3.970637],[-59.527654,3.939528],[-59.581785,3.899195],[-59.598606,3.802405],[-59.671805,3.756232],[-59.686223,3.690215],[-59.862879,3.58172],[-59.821357,3.484388],[-59.841356,3.425399],[-59.824044,3.431678],[-59.82177,3.356592],[-59.916674,3.194173],[-59.91161,3.126425],[-59.969229,3.042709],[-59.996462,2.674773],[-59.906778,2.458766],[-59.903135,2.359599],[-59.741698,2.263791],[-59.737098,2.03042],[-59.763557,1.882574],[-59.749682,1.851309],[-59.646458,1.839966],[-59.680849,1.757387],[-59.639662,1.721756],[-59.572716,1.727157],[-59.530729,1.703075],[-59.416834,1.555281],[-59.380169,1.523345],[-59.33857,1.524637],[-59.259918,1.387436],[-58.972025,1.312311],[-58.87051,0.225361],[-60.048345,0.211977],[-60.067956,0.165882],[-60.133533,0.120096],[-60.169784,0.006408],[-60.223321,-0.053847],[-60.308639,-0.225309],[-60.317088,-0.305872],[-60.385869,-0.463744],[-60.392665,-0.519141],[-60.31205,-0.629264],[-60.313962,-0.688278],[-60.476923,-0.746259],[-60.52413,-0.833592],[-60.600275,-0.833851],[-60.640247,-0.858759],[-60.736726,-0.849509],[-60.805663,-0.699233],[-60.910566,-0.603012],[-60.931237,-0.554901],[-61.060453,-0.528598],[-61.117117,-0.489892],[-61.21662,-0.494853],[-61.253336,-0.554591],[-61.466527,-0.644198],[-61.532233,-0.728534],[-61.581662,-0.909195],[-61.559932,-1.033942],[-61.576133,-1.142566],[-61.621944,-1.284986],[-61.601583,-1.418311],[-61.713049,-1.39702],[-61.760824,-1.359038],[-61.853351,-1.387254],[-62.027604,-1.144271],[-62.197929,-1.05146],[-62.242733,-0.98211],[-62.316527,-0.943146],[-62.419595,-0.827339],[-62.505714,-0.772924],[-62.495689,-0.694944],[-62.387013,-0.720007],[-62.303969,-0.609523],[-62.318671,-0.52033],[-62.374508,-0.456923],[-62.38244,-0.309903],[-62.416262,-0.257865],[-62.477783,-0.222777],[-62.518556,-0.107538],[-62.585554,-0.01111],[-62.526049,0.095395],[-62.566744,0.175597],[-62.567984,0.24691],[-62.529511,0.322565],[-62.535661,0.418941],[-62.481168,0.519814],[-62.544678,0.711895],[-62.446338,0.804602],[-62.509745,0.961905],[-62.514654,1.05854],[-62.615346,1.400173],[-62.720404,1.49624],[-62.786808,1.603313],[-62.752366,1.69292],[-62.714358,1.726923],[-62.733504,1.822525],[-62.692524,1.901176],[-62.698674,1.936368],[-62.848432,2.019102],[-63.030643,2.031659],[-63.122498,2.114342],[-63.148052,2.177542],[-63.264505,2.156354],[-63.333519,2.181624],[-63.386546,2.235889],[-63.364887,2.413084],[-63.831319,2.428638],[-64.047972,2.471323],[-64.057817,2.510442],[-64.012186,2.60377],[-63.997562,2.714926],[-64.105953,2.947211],[-64.222923,3.123996],[-64.216308,3.251431],[-64.245609,3.41894],[-64.19786,3.515084],[-64.202976,3.594717],[-64.324157,3.724115],[-64.531431,3.853513],[-64.642897,3.972963],[-64.727104,4.140782],[-64.80126,4.188531],[-64.812913,4.252791],[-64.791622,4.284417],[-64.69987,4.264159],[-64.58967,4.118871],[-64.364981,4.151867],[-64.172693,4.123393],[-64.125099,4.088485],[-64.037663,3.882503],[-63.996425,3.880798],[-63.87514,3.949812],[-63.771012,3.928805],[-63.671587,3.946246],[-63.510666,3.854546],[-63.46886,3.867233],[-63.4254,3.968364],[-63.35171,3.958726],[-63.251199,3.88656],[-62.997054,3.599135],[-62.889412,3.560817],[-62.786318,3.604406],[-62.749576,3.660372],[-62.740429,3.741943],[-62.788798,3.899401],[-62.766216,4.020712],[-62.560957,4.037791],[-62.536979,4.125408],[-62.428097,4.183182],[-62.153592,4.090294],[-62.035046,4.159876],[-61.88813,4.150161],[-61.756355,4.246357],[-61.552156,4.254961],[-61.501874,4.401851],[-61.29305,4.44805],[-61.315581,4.520785],[-61.168587,4.490244],[-60.977281,4.53497],[-60.895813,4.708525],[-60.71815,4.784283],[-60.59193,4.949725],[-60.664303,5.170254],[-60.739854,5.202138],[-60.613556,5.208934],[-60.448967,5.174233],[-60.419796,5.207228],[-60.333083,5.193767],[-60.213426,5.267225]]]}},{"type":"Feature","properties":{"country_code":"BR","region_code":"BR-PA","name":"Pará","native_name":"Pará","type":"State"},"geometry":{"type":"MultiPolygon","coordinates":[[[[-57.104494,2.021454],[-57.03747,1.93239],[-56.921921,1.918101],[-56.877635,1.885648],[-56.79273,1.87353],[-56.737643,1.912985],[-56.639561,1.93686],[-56.574862,1.905466],[-56.481819,1.941614],[-56.347951,1.926602],[-56.273796,1.887509],[-56.019651,1.833507],[-55.922034,1.886217],[-55.918262,2.050393],[-56.03133,2.163487],[-56.072929,2.241518],[-56.146775,2.256194],[-56.10378,2.349057],[-56.050243,2.347041],[-56.013346,2.398821],[-55.983012,2.526462],[-55.9472,2.528167],[-55.724294,2.396909],[-55.608306,2.433961],[-55.399585,2.430189],[-55.32052,2.518297],[-55.25192,2.497885],[-55.137793,2.56217],[-55.120894,2.524808],[-54.959095,2.608989],[-54.978577,2.54305],[-54.880289,2.447345],[-54.841919,2.433496],[-54.775494,2.457335],[-54.73469,2.414737],[-54.71606,2.26596],[-54.783808,2.168137],[-54.787374,2.128449],[-54.753035,2.073931],[-54.797916,2.020032],[-54.763706,1.978329],[-54.735465,1.772037],[-54.58842,1.784284],[-54.496125,1.747801],[-54.361586,1.762063],[-54.104702,1.611271],[-54.07703,1.504766],[-53.995536,1.521768],[-53.85588,1.385135],[-53.825004,1.388753],[-53.824306,1.415624],[-53.753819,1.394127],[-53.730875,1.438569],[-53.702375,1.411904],[-53.66646,1.427562],[-53.655893,1.365188],[-53.551816,1.362553],[-53.5652,1.323434],[-53.543057,1.243852],[-53.433916,1.256461],[-53.40689,1.188197],[-53.459574,1.168818],[-53.466473,1.129647],[-53.416243,0.941803],[-53.282091,0.790495],[-53.115822,0.736803],[-53.140523,0.532888],[-53.130447,0.398529],[-53.041537,0.24722],[-53.007172,0.136995],[-53.011927,0.040773],[-52.915369,-0.192029],[-52.872555,-0.20252],[-52.813696,-0.180195],[-52.626937,-0.397185],[-52.631872,-0.556865],[-52.604251,-0.611384],[-52.55242,-0.622132],[-52.523998,-0.658667],[-52.517435,-0.87576],[-52.421317,-0.860464],[-52.381319,-0.886767],[-52.368943,-0.923199],[-52.390673,-0.963248],[-52.366695,-1.061382],[-52.266029,-1.135899],[-52.123764,-1.153883],[-52.068832,-1.219202],[-52.050848,-1.174657],[-51.999017,-1.166285],[-51.980155,-1.14024],[-51.908842,-1.155536],[-51.929351,-1.178318],[-51.921457,-1.325779],[-51.995351,-1.396417],[-52.08727,-1.401625],[-52.195383,-1.344985],[-52.238108,-1.346368],[-52.285471,-1.390069],[-52.421986,-1.430352],[-52.475087,-1.484063],[-52.697418,-1.552423],[-52.708119,-1.60003],[-52.343902,-1.552423],[-52.279124,-1.518243],[-52.231068,-1.602716],[-52.260243,-1.695245],[-52.203969,-1.690199],[-52.141957,-1.622735],[-51.958648,-1.593357],[-51.669545,-1.401625],[-51.462026,-1.32936],[-51.399648,-1.251072],[-51.326975,-1.23089],[-51.347401,-1.257582],[-51.283437,-1.231378],[-51.187489,-1.121677],[-51.003407,-1.013767],[-50.997304,-0.922459],[-50.935902,-0.956638],[-50.942738,-0.908787],[-50.839589,-0.912774],[-50.821685,-0.935317],[-50.82665,-1.045343],[-50.901763,-1.121026],[-50.95641,-1.128513],[-50.819936,-1.231703],[-50.819203,-1.436293],[-50.766713,-1.540785],[-50.679555,-1.629002],[-50.654693,-1.73797],[-50.691029,-1.765395],[-50.737294,-1.73797],[-50.717283,-1.822473],[-50.787567,-1.89737],[-50.879803,-1.851951],[-50.892734,-1.879235],[-50.853422,-1.908323],[-50.844215,-1.955301],[-50.818607,-1.969007],[-50.818441,-1.924616],[-50.702144,-1.909472],[-50.698588,-1.854062],[-50.660044,-1.803004],[-50.610581,-1.814203],[-50.547231,-1.906915],[-50.466664,-1.92783],[-50.484039,-1.977634],[-50.443023,-1.935968],[-50.457509,-1.983819],[-50.415761,-2.073175],[-50.372841,-1.973728],[-50.312539,-1.908774],[-50.231557,-1.895766],[-50.161936,-1.915623],[-50.110422,-1.849216],[-49.976918,-1.826104],[-49.869293,-1.888767],[-49.894399,-1.963311],[-49.86026,-1.922459],[-49.850168,-1.98268],[-49.887563,-2.087498],[-49.853424,-2.045831],[-49.812489,-2.108005],[-49.846588,-1.901788],[-49.832346,-1.94964],[-49.810455,-1.900567],[-49.760487,-1.896742],[-49.723704,-1.929132],[-49.721303,-1.904067],[-49.702626,-1.922459],[-49.676096,-1.908624],[-49.604644,-1.967869],[-49.592763,-2.011651],[-49.592926,-1.964044],[-49.654775,-1.895115],[-49.598012,-1.842706],[-49.563344,-1.835219],[-49.537465,-1.860935],[-49.522369,-1.795994],[-49.485219,-1.76393],[-49.457997,-1.778741],[-49.463002,-1.805759],[-49.422027,-1.778985],[-49.451161,-1.82464],[-49.454213,-1.856134],[-49.434804,-1.879978],[-49.370432,-1.905043],[-49.381093,-1.991306],[-49.422027,-2.038995],[-49.430491,-2.141209],[-49.503,-2.258396],[-49.506459,-2.319594],[-49.54894,-2.40309],[-49.545766,-2.516534],[-49.617258,-2.615004],[-49.67691,-2.649102],[-49.688954,-2.669041],[-49.663686,-2.677667],[-49.527415,-2.628351],[-49.5183,-2.580255],[-49.442616,-2.492364],[-49.426829,-2.367283],[-49.331614,-2.204767],[-49.232004,-1.948175],[-49.145569,-1.856758],[-49.123006,-1.768008],[-49.008864,-1.681124],[-48.965589,-1.599719],[-48.856369,-1.559031],[-48.946201,-1.704705],[-48.955599,-1.766329],[-49.033269,-1.846568],[-48.929465,-1.787832],[-48.881418,-1.713474],[-48.890736,-1.686456],[-48.815338,-1.63836],[-48.656946,-1.38338],[-48.535024,-1.581476],[-48.428334,-1.662286],[-48.43456,-1.590265],[-48.4829,-1.511407],[-48.428049,-1.524184],[-48.325307,-1.470473],[-48.496571,-1.461358],[-48.482753,-1.2813],[-48.435903,-1.218688],[-48.425387,-1.297312],[-48.334584,-1.313653],[-48.305043,-1.188246],[-48.281361,-1.167087],[-48.250152,-1.189386],[-48.278147,-1.128513],[-48.22289,-1.113539],[-48.274403,-1.113539],[-48.291737,-1.043634],[-48.187489,-1.01865],[-48.140289,-0.9013],[-48.154042,-0.781834],[-48.037913,-0.661716],[-48.02359,-0.72324],[-47.962148,-0.781834],[-47.946116,-0.740492],[-47.866238,-0.673505],[-47.802444,-0.690334],[-47.825286,-0.639483],[-47.809071,-0.565167],[-47.770253,-0.63714],[-47.725168,-0.644138],[-47.715728,-0.712986],[-47.743398,-0.74627],[-47.728668,-0.756524],[-47.610585,-0.693943],[-47.5781,-0.635407],[-47.584514,-0.578247],[-47.53844,-0.61078],[-47.487375,-0.728285],[-47.496693,-0.764744],[-47.408599,-0.771091],[-47.393056,-0.812595],[-47.393056,-0.747166],[-47.448313,-0.695896],[-47.468739,-0.730645],[-47.461903,-0.592869],[-47.39981,-0.592869],[-47.414133,-0.613946],[-47.414703,-0.66131],[-47.407338,-0.681573],[-47.393056,-0.648126],[-47.365712,-0.681573],[-47.373158,-0.633884],[-47.324696,-0.65488],[-47.345204,-0.60711],[-47.294016,-0.592869],[-47.276357,-0.648126],[-47.250803,-0.647068],[-47.255849,-0.676039],[-47.234486,-0.651056],[-47.242787,-0.620212],[-47.19811,-0.651544],[-47.199941,-0.676935],[-47.22232,-0.669122],[-47.249013,-0.695896],[-47.235951,-0.716404],[-47.17394,-0.709568],[-47.160878,-0.681573],[-47.158437,-0.728774],[-47.194407,-0.761],[-47.155751,-0.764093],[-47.13976,-0.798923],[-47.139556,-0.741388],[-47.126088,-0.730645],[-47.119293,-0.750584],[-47.098988,-0.665623],[-47.077545,-0.665704],[-47.084543,-0.750584],[-47.043568,-0.791436],[-47.078359,-0.826267],[-47.0572,-0.86712],[-47.04776,-0.810724],[-46.984609,-0.7492],[-46.969106,-0.695896],[-46.969106,-0.785252],[-46.946278,-0.776056],[-46.922231,-0.834568],[-46.963002,-0.865004],[-46.947377,-0.9013],[-46.949127,-0.861505],[-46.89273,-0.846775],[-46.89273,-0.785252],[-46.872874,-0.812595],[-46.84557,-0.798923],[-46.872874,-0.778416],[-46.819203,-0.711684],[-46.796539,-0.764744],[-46.831288,-0.805108],[-46.824452,-0.833103],[-46.790354,-0.805108],[-46.799672,-0.865167],[-46.782867,-0.9013],[-46.786366,-0.862726],[-46.776682,-0.846775],[-46.759633,-0.861505],[-46.755523,-0.819431],[-46.714589,-0.877699],[-46.749379,-0.942966],[-46.697865,-0.880792],[-46.68871,-0.825779],[-46.63268,-0.863214],[-46.655913,-0.80182],[-46.613796,-0.813236],[-46.598541,-0.86712],[-46.619008,-0.935479],[-46.64623,-0.945408],[-46.667388,-0.922459],[-46.737457,-0.984308],[-46.749379,-1.01865],[-46.68106,-0.963474],[-46.581591,-0.970356],[-46.502948,-0.883844],[-46.427629,-0.86855],[-46.421187,-0.894466],[-46.480327,-0.919491],[-46.475006,-1.045343],[-46.435658,-1.023858],[-46.406728,-1.039158],[-46.364898,-1.008396],[-46.356516,-1.075291],[-46.322662,-1.020278],[-46.324818,-1.107354],[-46.296864,-1.031671],[-46.248443,-1.093683],[-46.283315,-1.029392],[-46.250308,-0.930955],[-46.200307,-0.907647],[-46.171783,-0.920994],[-46.17394,-0.956638],[-46.221181,-1.011163],[-46.198598,-1.010512],[-46.211497,-1.074802],[-46.262115,-1.183201],[-46.221181,-1.141534],[-46.166493,-1.14837],[-46.139231,-1.113539],[-46.146067,-1.176365],[-46.101674,-1.073337],[-46.064687,-1.147638],[-46.094106,-1.178318],[-46.084584,-1.210382],[-46.132243,-1.230829],[-46.166401,-1.302246],[-46.125422,-1.346274],[-46.201154,-1.484095],[-46.179165,-1.57334],[-46.203763,-1.611891],[-46.201154,-1.679277],[-46.226863,-1.716071],[-46.317219,-1.741392],[-46.303654,-1.802525],[-46.215339,-1.806608],[-46.224072,-1.973264],[-46.299959,-2.177179],[-46.36719,-2.248338],[-46.427083,-2.245031],[-46.415223,-2.326369],[-46.45287,-2.374687],[-46.408893,-2.362284],[-46.433672,-2.411222],[-46.430649,-2.527081],[-46.490464,-2.550335],[-46.524106,-2.631415],[-46.612059,-2.655962],[-46.659369,-2.715855],[-46.666681,-2.738489],[-46.571079,-2.851454],[-46.617485,-2.873829],[-46.61888,-2.902975],[-46.645984,-2.892278],[-46.636993,-2.997336],[-46.700813,-3.14942],[-46.735566,-3.14942],[-46.723938,-3.17593],[-46.762877,-3.197221],[-46.756055,-3.224506],[-46.82432,-3.327549],[-46.878554,-3.338504],[-46.944623,-3.398242],[-46.968316,-3.525521],[-47.029734,-3.568774],[-47.078568,-3.876611],[-47.290467,-4.081043],[-47.310931,-4.06678],[-47.365062,-4.253849],[-47.452111,-4.332293],[-47.581354,-4.547061],[-47.660935,-4.608039],[-47.800669,-4.595843],[-48.743195,-5.352541],[-48.55561,-5.412899],[-48.376861,-5.393521],[-48.297227,-5.517079],[-48.209222,-5.538525],[-48.142405,-5.646115],[-48.186304,-5.701047],[-48.288572,-5.727195],[-48.297227,-5.749468],[-48.291,-5.828274],[-48.231779,-5.89194],[-48.227826,-5.934883],[-48.333401,-5.976172],[-48.333297,-6.02356],[-48.284179,-6.054824],[-48.284153,-6.097612],[-48.424894,-6.156626],[-48.423731,-6.244631],[-48.379755,-6.359612],[-48.500755,-6.351137],[-48.60633,-6.435007],[-48.667773,-6.541461],[-48.668238,-6.64931],[-48.846522,-6.740105],[-49.010543,-6.780723],[-49.216448,-6.925055],[-49.189163,-7.247206],[-49.390184,-7.547136],[-49.390649,-7.597572],[-49.348352,-7.679324],[-49.163376,-7.803554],[-49.198645,-8.058578],[-49.304608,-8.367861],[-49.38083,-8.436797],[-49.56547,-8.811193],[-49.755123,-8.922969],[-50.053658,-9.319121],[-50.150241,-9.70039],[-50.235719,-9.843983],[-56.467478,-9.47539],[-56.678189,-9.377308],[-56.782963,-9.393225],[-56.837094,-9.273129],[-57.045479,-9.230392],[-57.072712,-9.197681],[-57.09297,-9.057586],[-57.308848,-8.950823],[-57.481938,-8.792693],[-57.59113,-8.744892],[-57.680376,-8.445841],[-57.643556,-8.215519],[-57.78825,-8.035943],[-57.893696,-7.692553],[-57.979789,-7.530238],[-58.058957,-7.410969],[-58.170475,-7.299657],[-58.191042,-7.152845],[-58.420976,-6.913273],[-58.471387,-6.722845],[-58.433818,-6.648328],[-58.294421,-6.496864],[-56.389653,-2.390551],[-56.399007,-2.30389],[-56.311932,-2.235832],[-56.396888,-2.272212],[-56.477426,-2.256399],[-56.498587,-2.161728],[-56.635246,-2.222396],[-56.694699,-2.204258],[-56.756504,-2.167309],[-56.753455,-2.036051],[-56.834587,-2.031865],[-56.991994,-1.945411],[-57.087854,-1.811827],[-57.182215,-1.76537],[-57.242314,-1.765783],[-57.254665,-1.716226],[-57.337477,-1.729248],[-57.405509,-1.708836],[-57.667069,-1.583727],[-57.812099,-1.453451],[-57.901499,-1.423272],[-57.980461,-1.348186],[-58.093219,-1.28912],[-58.130839,-1.236617],[-58.172103,-1.230209],[-58.244062,-1.135486],[-58.317391,-1.117554],[-58.405448,-1.026345],[-58.448339,-0.847648],[-58.559082,-0.767188],[-58.627605,-0.765121],[-58.738373,-0.652466],[-58.730105,-0.446742],[-58.83462,-0.380028],[-58.860949,-0.321789],[-58.849348,-0.082785],[-58.972025,1.312311],[-58.927484,1.284212],[-58.897873,1.217808],[-58.834001,1.18582],[-58.771938,1.201271],[-58.69773,1.28106],[-58.556964,1.286899],[-58.51893,1.267262],[-58.481103,1.333873],[-58.513659,1.43888],[-58.38638,1.490194],[-58.390255,1.53076],[-58.320492,1.601221],[-58.260548,1.560319],[-58.18727,1.567606],[-58.148616,1.519082],[-58.027229,1.516859],[-57.986973,1.586829],[-57.985009,1.657704],[-57.922222,1.642485],[-57.758821,1.713462],[-57.561159,1.708967],[-57.464782,1.81573],[-57.429487,1.900299],[-57.341482,1.968847],[-57.238439,1.948539],[-57.104494,2.021454]]],[[[-49.319,-1.717462],[-49.28189,-1.785821],[-49.367421,-1.895115],[-49.442494,-1.867771],[-49.452992,-1.850193],[-49.411488,-1.775567],[-49.352162,-1.722426],[-49.319,-1.717462]]],[[[-48.338979,-1.066502],[-48.297353,-1.128513],[-48.334096,-1.205011],[-48.379872,-1.217218],[-48.393544,-1.189386],[-48.402333,-1.202895],[-48.462066,-1.164483],[-48.421498,-1.079522],[-48.338979,-1.066502]]],[[[-48.194936,-0.819431],[-48.155873,-0.866306],[-48.181264,-0.86712],[-48.156728,-0.887791],[-48.201894,-1.011489],[-48.307118,-1.020685],[-48.312652,-0.953302],[-48.24356,-0.841729],[-48.194936,-0.819431]]],[[[-47.969065,-0.633884],[-47.887074,-0.669122],[-47.962148,-0.730645],[-47.982655,-0.676039],[-47.969065,-0.633884]]],[[[-50.840932,-0.558689],[-50.813059,-0.669122],[-50.843129,-0.715997],[-50.934316,-0.731703],[-51.100413,-0.826267],[-51.108022,-0.755955],[-51.066274,-0.676039],[-51.03893,-0.681573],[-50.95641,-0.60711],[-50.860829,-0.565606],[-50.87442,-0.613946],[-50.840932,-0.558689]]],[[[-47.660512,-0.579197],[-47.640777,-0.608494],[-47.643422,-0.692966],[-47.701527,-0.709568],[-47.71562,-0.636555],[-47.751536,-0.62225],[-47.761379,-0.575771],[-47.734682,-0.54173],[-47.703752,-0.577714],[-47.660512,-0.579197]]],[[[-51.237538,-0.538263],[-51.149973,-0.658949],[-51.230702,-0.839288],[-51.275624,-1.02516],[-51.331451,-1.009942],[-51.434804,-1.1867],[-51.740834,-1.420017],[-51.892486,-1.483657],[-51.930287,-1.470798],[-51.954091,-1.422459],[-51.902943,-1.340102],[-51.884267,-1.25628],[-51.781606,-1.153904],[-51.683949,-1.096938],[-51.675771,-0.846775],[-51.534047,-0.634698],[-51.424794,-0.553806],[-51.347401,-0.531996],[-51.381581,-0.65488],[-51.347401,-0.613946],[-51.353668,-0.580173],[-51.299631,-0.592869],[-51.329213,-0.53867],[-51.308339,-0.518731],[-51.237538,-0.538263]]],[[[-51.165273,-0.140313],[-51.120269,-0.14544],[-51.166737,-0.305597],[-51.278554,-0.401056],[-51.4051,-0.459649],[-51.330434,-0.366143],[-51.264272,-0.219496],[-51.165273,-0.140313]]],[[[-48.454701,-0.48561],[-48.496571,-0.743748],[-48.572336,-0.681573],[-48.523549,-0.77337],[-48.527659,-0.872654],[-48.633168,-0.949151],[-48.664784,-1.001235],[-48.628774,-1.009698],[-48.654286,-1.045343],[-48.628285,-1.047784],[-48.642812,-1.083591],[-48.818715,-1.202895],[-48.921132,-1.141534],[-48.84203,-1.213311],[-48.844553,-1.249282],[-48.867177,-1.251397],[-48.796254,-1.268487],[-48.832997,-1.415785],[-48.942209,-1.295831],[-48.990061,-1.292413],[-48.946034,-1.309015],[-48.983266,-1.332696],[-48.990061,-1.374282],[-48.945058,-1.346368],[-48.839223,-1.449965],[-48.91808,-1.504571],[-48.944447,-1.490981],[-49.065785,-1.531915],[-49.10676,-1.504571],[-49.151438,-1.401625],[-49.197743,-1.38836],[-49.184397,-1.453383],[-49.204091,-1.529067],[-49.181874,-1.566095],[-49.229604,-1.5735],[-49.195465,-1.600844],[-49.168202,-1.586602],[-49.222768,-1.621189],[-49.293729,-1.617531],[-49.353179,-1.5735],[-49.394114,-1.528904],[-49.387318,-1.484145],[-49.414631,-1.541702],[-49.354233,-1.614408],[-49.358306,-1.637587],[-49.443025,-1.635422],[-49.483332,-1.602074],[-49.496571,-1.497735],[-49.531321,-1.497735],[-49.507558,-1.522638],[-49.503977,-1.586602],[-49.524403,-1.580336],[-49.514068,-1.608087],[-49.556549,-1.64544],[-49.558705,-1.724216],[-49.603261,-1.717462],[-49.688344,-1.769301],[-49.751047,-1.641778],[-49.744211,-1.580336],[-49.764027,-1.645196],[-49.729644,-1.752618],[-49.776438,-1.807224],[-49.823557,-1.816583],[-50.002309,-1.745538],[-50.032338,-1.71559],[-50.028188,-1.65545],[-50.054799,-1.664727],[-50.059885,-1.717869],[-50.155019,-1.778985],[-50.224517,-1.739028],[-50.23766,-1.62127],[-50.278554,-1.597426],[-50.249623,-1.563084],[-50.258168,-1.484145],[-50.276845,-1.514581],[-50.258168,-1.559828],[-50.292226,-1.597426],[-50.242584,-1.641534],[-50.264963,-1.744806],[-50.306508,-1.65545],[-50.284779,-1.75506],[-50.316558,-1.778497],[-50.366689,-1.772149],[-50.296986,-1.803481],[-50.405181,-1.830987],[-50.603871,-1.772149],[-50.566558,-1.730564],[-50.58788,-1.684503],[-50.74234,-1.531183],[-50.803212,-1.434991],[-50.785715,-1.394708],[-50.813059,-1.336358],[-50.778228,-1.17254],[-50.805816,-1.102309],[-50.792551,-1.086196],[-50.559722,-1.183201],[-50.616689,-1.119887],[-50.539296,-1.107354],[-50.522206,-1.086602],[-50.552358,-1.073337],[-50.545522,-1.05283],[-50.476633,-1.039158],[-50.528472,-1.025323],[-50.663808,-1.094903],[-50.755767,-1.082208],[-50.792551,-1.01865],[-50.778228,-0.819431],[-50.757639,-0.806817],[-50.737294,-0.826267],[-50.787343,-0.763279],[-50.779897,-0.660577],[-50.737294,-0.551853],[-50.684071,-0.639825],[-50.548451,-0.67783],[-50.682688,-0.623793],[-50.723622,-0.479913],[-50.69636,-0.36004],[-50.654693,-0.263849],[-50.583363,-0.192153],[-50.466664,-0.154555],[-50.411488,-0.164483],[-50.368153,-0.105645],[-50.095774,-0.132257],[-49.653472,-0.241143],[-49.459584,-0.223403],[-49.387318,-0.257582],[-49.408437,-0.217462],[-49.38683,-0.184747],[-49.206044,-0.140313],[-49.010607,-0.159889],[-48.979605,-0.186191],[-48.893612,-0.152886],[-48.891957,-0.215916],[-48.816518,-0.207615],[-48.702016,-0.237237],[-48.623525,-0.223403],[-48.427235,-0.259942],[-48.368886,-0.297947],[-48.369781,-0.36061],[-48.454701,-0.48561]]],[[[-50.923411,-0.330499],[-51.012807,-0.273614],[-51.038686,-0.200291],[-51.00475,-0.188735],[-51.032786,-0.168227],[-50.947266,-0.011974],[-50.766004,0.046367],[-50.655263,-0.023777],[-50.628896,-0.104099],[-50.675852,-0.154555],[-50.781239,-0.210056],[-50.923411,-0.330499]]],[[[-49.832346,-0.103123],[-49.823476,-0.070367],[-49.740468,-0.000339],[-49.628082,0.057603],[-49.496571,0.085598],[-49.4829,0.063788],[-49.442047,0.07567],[-49.391265,0.051093],[-49.347524,-0.009698],[-49.359975,-0.058445],[-49.381093,-0.052179],[-49.463368,-0.128025],[-49.716217,-0.147719],[-49.832346,-0.103123]]],[[[-50.634267,0.071275],[-50.648549,0.150458],[-50.610585,0.183417],[-50.490224,0.159362],[-50.446497,0.125851],[-50.437729,-3.3e-05],[-50.487457,-0.017429],[-50.559722,-0.003839],[-50.634267,0.071275]]],[[[-50.090784,0.305945],[-50.165648,0.261734],[-50.220461,0.246212],[-50.199371,0.28852],[-50.113324,0.338182],[-50.093321,0.339013],[-50.090784,0.305945]]],[[[-50.036888,0.299741],[-49.859554,0.301224],[-49.650227,0.386373],[-49.560157,0.385757],[-49.530356,0.35378],[-49.52895,0.300815],[-49.692372,0.205024],[-49.764027,0.133368],[-49.829701,0.011298],[-49.867055,-0.010675],[-50.004506,-0.052789],[-50.097279,0.030911],[-50.190094,0.041327],[-50.297597,0.01203],[-50.345123,0.047431],[-50.340077,0.133368],[-50.366689,0.091783],[-50.377797,0.208319],[-50.254416,0.229771],[-50.107289,0.222154],[-50.036888,0.299741]]],[[[-50.31697,0.308751],[-50.413975,0.226343],[-50.41902,0.167944],[-50.516754,0.208645],[-50.505971,0.266181],[-50.470367,0.269924],[-50.432525,0.413967],[-50.408315,0.420722],[-50.430776,0.548],[-50.366689,0.61994],[-50.34732,0.571275],[-50.353098,0.400214],[-50.31697,0.308751]]],[[[-50.312123,0.413967],[-50.315053,0.49726],[-50.258168,0.585191],[-50.167592,0.605414],[-50.120351,0.571601],[-50.134023,0.612494],[-50.065663,0.647284],[-50.031361,0.584866],[-50.042714,0.510321],[-50.249595,0.361016],[-50.281446,0.356552],[-50.312123,0.413967]]],[[[-49.479514,-1.655372],[-49.422844,-1.674181],[-49.424018,-1.696843],[-49.508609,-1.744872],[-49.525482,-1.672855],[-49.479514,-1.655372]]]]}},{"type":"Feature","properties":{"country_code":"BR","region_code":"BR-AC","name":"Acre","native_name":"Acre","type":"State"},"geometry":{"type":"Polygon","coordinates":[[[-69.39594,-10.935042],[-69.72021,-10.964911],[-69.808318,-10.927187],[-69.956113,-10.919332],[-70.2894,-11.06475],[-70.437272,-11.036741],[-70.534114,-10.938143],[-70.641342,-11.0108],[-70.638448,-9.851801],[-70.615091,-9.792269],[-70.56915,-9.779144],[-70.541865,-9.708244],[-70.624418,-9.565823],[-70.564525,-9.56541],[-70.576153,-9.529133],[-70.524993,-9.430948],[-70.606383,-9.448828],[-70.680849,-9.527686],[-70.875488,-9.660494],[-70.997212,-9.803535],[-71.144257,-9.863066],[-71.196502,-9.939857],[-71.2997,-9.993394],[-72.195666,-10.00559],[-72.162903,-9.877225],[-72.194736,-9.805809],[-72.265223,-9.762194],[-72.261657,-9.667419],[-72.304135,-9.60086],[-72.312661,-9.532544],[-72.409503,-9.486345],[-72.535645,-9.481591],[-72.813303,-9.410897],[-73.214984,-9.409037],[-73.090237,-9.244189],[-73.034375,-9.222588],[-73.027863,-9.183108],[-72.972001,-9.134428],[-72.970037,-9.00193],[-73.068636,-8.89372],[-73.174573,-8.720707],[-73.289863,-8.670477],[-73.350583,-8.598337],[-73.356422,-8.479791],[-73.540829,-8.359075],[-73.60328,-8.211591],[-73.60111,-8.136143],[-73.668031,-8.013773],[-73.784949,-7.940393],[-73.794638,-7.874144],[-73.746114,-7.886443],[-73.713713,-7.866289],[-73.712163,-7.788154],[-73.838796,-7.720561],[-74.018475,-7.543518],[-73.971423,-7.523984],[-73.944319,-7.448743],[-73.982895,-7.356449],[-73.902022,-7.373399],[-73.825851,-7.337432],[-73.741256,-7.334435],[-73.713093,-7.304669],[-73.734539,-7.225088],[-73.806762,-7.117879],[-72.663699,-7.591578],[-70.371487,-8.15728],[-69.806767,-8.454522],[-66.648925,-9.915879],[-66.660087,-9.945335],[-66.770623,-9.992567],[-66.902656,-10.09313],[-67.0643,-10.256944],[-67.151736,-10.288983],[-67.184706,-10.326707],[-67.323509,-10.318852],[-67.342836,-10.372492],[-67.418335,-10.381484],[-67.468048,-10.452281],[-67.58463,-10.501787],[-67.684675,-10.610514],[-67.721727,-10.705495],[-67.755782,-10.714177],[-67.862649,-10.65878],[-68.043775,-10.666945],[-68.112091,-10.714074],[-68.29332,-10.978967],[-68.428196,-11.043666],[-68.536096,-11.061546],[-68.61573,-11.112499],[-68.775926,-11.140611],[-68.791171,-11.08511],[-68.757633,-11.011937],[-68.804659,-10.994677],[-68.884034,-11.016381],[-69.086889,-10.967185],[-69.39594,-10.935042]]]}},{"type":"Feature","properties":{"country_code":"BR","region_code":"BR-AP","name":"Amapá","native_name":"Amapá","type":"State"},"geometry":{"type":"MultiPolygon","coordinates":[[[[-54.775494,2.457335],[-54.703194,2.445847],[-54.704124,2.32482],[-54.588162,2.324355],[-54.476644,2.21413],[-54.373911,2.196508],[-54.314019,2.154857],[-54.188548,2.161316],[-54.134908,2.110673],[-54.098424,2.127959],[-54.076669,2.183692],[-54.027989,2.178576],[-53.963911,2.209324],[-53.932905,2.26963],[-53.901227,2.264514],[-53.764801,2.368694],[-53.737361,2.349057],[-53.742167,2.308542],[-53.531792,2.247047],[-53.462133,2.258985],[-53.344104,2.349625],[-53.234188,2.250975],[-53.272222,2.219969],[-53.268501,2.195733],[-53.113368,2.219349],[-52.980922,2.173253],[-52.917153,2.195733],[-52.862738,2.274229],[-52.690603,2.372983],[-52.590403,2.504706],[-52.551904,2.586562],[-52.575778,2.633742],[-52.542964,2.651519],[-52.455269,2.865046],[-52.409277,2.897344],[-52.422196,2.927471],[-52.351554,3.065964],[-52.355327,3.151592],[-52.279466,3.242491],[-52.227918,3.260112],[-52.012764,3.619108],[-51.988424,3.704555],[-51.940081,3.733959],[-51.93866,3.773569],[-51.83541,3.867543],[-51.783191,3.980947],[-51.631744,4.067816],[-51.585347,4.233818],[-51.559682,4.2237],[-51.436838,3.929511],[-51.435414,3.985907],[-51.546702,4.255032],[-51.560048,4.369371],[-51.547683,4.421785],[-51.516498,4.441122],[-51.38923,4.358902],[-51.224435,4.165043],[-51.18693,4.078849],[-51.197487,3.699521],[-51.176137,3.648342],[-51.136383,3.867743],[-51.116363,3.906195],[-51.079905,3.88227],[-51.092742,3.376329],[-51.036004,3.229214],[-51.016779,3.035572],[-50.944201,2.875178],[-50.94454,2.822201],[-50.902803,2.793755],[-50.852247,2.666133],[-50.818959,2.552395],[-50.839467,2.497463],[-50.791615,2.494574],[-50.76299,2.443562],[-50.67927,2.171698],[-50.737294,2.134467],[-50.792551,2.161811],[-50.764556,2.123969],[-50.779693,2.07095],[-50.751576,2.045111],[-50.702056,2.130316],[-50.619555,2.105238],[-50.509185,1.857164],[-50.466542,1.815416],[-50.393381,1.797797],[-50.330556,1.818061],[-50.164598,1.815634],[-49.950597,1.721326],[-49.900789,1.611651],[-49.883026,1.307714],[-49.975328,1.245033],[-50.149741,1.221209],[-50.120239,1.185215],[-49.921522,1.218481],[-49.890045,1.165229],[-49.978831,1.072211],[-50.014272,1.070868],[-50.031565,1.105943],[-50.060902,1.018866],[-50.1704,0.91649],[-50.261586,0.869818],[-50.353424,0.726711],[-50.453359,0.664049],[-50.608957,0.373928],[-50.790639,0.169501],[-50.928944,0.155422],[-50.979848,0.120429],[-51.08141,-0.032525],[-51.201568,-0.049086],[-51.265452,-0.083429],[-51.326975,-0.079522],[-51.25121,-0.127374],[-51.322499,-0.215265],[-51.370717,-0.34295],[-51.486236,-0.517185],[-51.52184,-0.538263],[-51.58019,-0.52516],[-51.552846,-0.545587],[-51.587636,-0.558689],[-51.532379,-0.551853],[-51.697499,-0.747166],[-51.724192,-0.877699],[-51.719106,-1.03338],[-51.834096,-1.134698],[-51.908315,-1.157973],[-51.980155,-1.14024],[-51.999017,-1.166285],[-52.050848,-1.174657],[-52.068832,-1.219202],[-52.115935,-1.157603],[-52.246159,-1.143392],[-52.363,-1.066705],[-52.390673,-0.963248],[-52.368943,-0.923199],[-52.381319,-0.886767],[-52.421317,-0.860464],[-52.517435,-0.87576],[-52.506919,-0.744244],[-52.526582,-0.647505],[-52.604251,-0.611384],[-52.631872,-0.556865],[-52.631149,-0.389795],[-52.813696,-0.180195],[-52.872555,-0.20252],[-52.915369,-0.192029],[-53.013761,0.046199],[-53.007172,0.136995],[-53.041537,0.24722],[-53.128431,0.386953],[-53.140756,0.526635],[-53.115822,0.736803],[-53.282091,0.790495],[-53.416243,0.941803],[-53.466473,1.129647],[-53.459574,1.168818],[-53.40689,1.188197],[-53.433916,1.256461],[-53.543057,1.243852],[-53.5652,1.323434],[-53.551816,1.362553],[-53.655893,1.365188],[-53.66646,1.427562],[-53.702375,1.411904],[-53.730875,1.438569],[-53.753819,1.394127],[-53.824306,1.415624],[-53.825004,1.388753],[-53.85588,1.385135],[-53.995536,1.521768],[-54.07703,1.504766],[-54.104702,1.611271],[-54.361586,1.762063],[-54.496125,1.747801],[-54.58842,1.784284],[-54.735465,1.772037],[-54.763706,1.978329],[-54.797916,2.020032],[-54.753035,2.073931],[-54.787374,2.128449],[-54.783808,2.168137],[-54.71606,2.26596],[-54.73469,2.414737],[-54.775494,2.457335]]],[[[-50.103383,0.755683],[-50.275274,0.745622],[-50.283364,0.769186],[-50.225476,0.8592],[-50.111666,0.918253],[-50.015723,0.892493],[-50.103383,0.755683]]],[[[-50.062585,0.923252],[-50.100317,0.959063],[-49.92638,1.069857],[-49.964019,0.973822],[-50.062585,0.923252]]],[[[-50.50423,2.095692],[-50.399578,2.115108],[-50.314027,1.968266],[-50.338951,1.912668],[-50.419119,1.862978],[-50.458608,1.881008],[-50.523813,2.001482],[-50.50423,2.095692]]],[[[-50.543521,2.146197],[-50.513631,2.187286],[-50.463348,2.186938],[-50.415158,2.126931],[-50.497932,2.107398],[-50.543521,2.146197]]]]}},{"type":"Feature","properties":{"country_code":"BR","region_code":"BR-MS","name":"Mato Grosso do Sul","native_name":"Mato Grosso do Sul","type":"State"},"geometry":{"type":"Polygon","coordinates":[[[-57.917933,-20.034177],[-57.859745,-19.980123],[-58.116939,-19.758018],[-58.124639,-19.729906],[-57.789,-19.059249],[-57.715826,-19.044573],[-57.731794,-18.921996],[-57.782334,-18.910421],[-57.56674,-18.256094],[-57.466798,-18.239557],[-57.474549,-18.208035],[-57.551082,-18.183643],[-57.730089,-17.846093],[-57.696809,-17.825112],[-57.732983,-17.768475],[-57.724456,-17.736642],[-57.634022,-17.741191],[-57.602292,-17.818085],[-57.474057,-17.892189],[-57.470724,-17.947483],[-57.418169,-17.864077],[-57.083073,-17.763205],[-56.978868,-17.656751],[-56.975845,-17.584456],[-56.852106,-17.485237],[-56.84146,-17.401211],[-56.756349,-17.318167],[-56.416758,-17.315842],[-56.315317,-17.281942],[-56.239327,-17.213884],[-56.119075,-17.187271],[-56.043886,-17.198071],[-55.995052,-17.259825],[-55.847128,-17.305145],[-55.787545,-17.35155],[-55.631818,-17.380541],[-55.53601,-17.501464],[-55.339123,-17.584611],[-55.180502,-17.685794],[-54.914705,-17.654891],[-54.811042,-17.601664],[-54.752182,-17.537999],[-54.606506,-17.505029],[-54.526072,-17.513608],[-54.420523,-17.580942],[-54.383652,-17.675872],[-54.128396,-17.623885],[-53.821541,-17.306075],[-53.758238,-17.259825],[-53.689224,-17.250213],[-53.682661,-17.308349],[-53.753664,-17.651325],[-53.875078,-17.705276],[-53.978147,-17.873689],[-53.976803,-17.933272],[-53.869058,-17.947328],[-53.728162,-18.007996],[-53.604655,-17.992855],[-53.4627,-18.013525],[-53.287517,-17.998849],[-53.146647,-18.031612],[-53.053836,-18.016626],[-53.056704,-18.293147],[-53.033476,-18.357432],[-52.987639,-18.38787],[-52.894389,-18.347665],[-52.76897,-18.411847],[-52.896275,-18.664752],[-52.759668,-18.71033],[-52.482682,-18.707437],[-52.355662,-18.809859],[-52.231406,-18.821331],[-52.098468,-18.895952],[-52.059763,-18.944683],[-51.913001,-18.988298],[-51.842076,-19.048139],[-51.643121,-19.128806],[-51.429904,-19.157745],[-51.295442,-19.259703],[-51.11305,-19.292982],[-50.961173,-19.47354],[-50.937092,-19.549349],[-50.988588,-19.582835],[-51.026311,-19.724687],[-50.993962,-20.101667],[-51.029102,-20.189258],[-51.137209,-20.297262],[-51.326422,-20.362426],[-51.514628,-20.574248],[-51.58005,-20.596365],[-51.620229,-20.69977],[-51.631985,-20.876968],[-51.745725,-20.995617],[-51.792931,-21.089824],[-51.871144,-21.14398],[-51.851584,-21.298648],[-51.867423,-21.343038],[-51.98093,-21.479205],[-52.070537,-21.480291],[-52.103868,-21.52344],[-52.043614,-21.666119],[-52.152651,-21.739345],[-52.208255,-21.853549],[-52.303804,-21.924915],[-52.364912,-22.091726],[-52.462244,-22.183142],[-52.816771,-22.380081],[-52.842635,-22.420647],[-52.96702,-22.458887],[-53.167964,-22.701715],[-53.47965,-22.830751],[-53.584863,-22.902529],[-53.622742,-22.981646],[-53.641346,-23.10598],[-53.725139,-23.296355],[-53.968147,-23.443788],[-54.06778,-23.816479],[-54.077185,-23.949236],[-54.24575,-24.050393],[-54.367607,-23.984685],[-54.443158,-23.899935],[-54.639218,-23.804437],[-54.891916,-23.920606],[-54.943644,-23.969182],[-55.105572,-23.988509],[-55.165439,-24.016827],[-55.367184,-23.989646],[-55.420669,-23.954506],[-55.445319,-23.735449],[-55.466971,-23.673231],[-55.530533,-23.603468],[-55.542471,-23.465802],[-55.513868,-23.379399],[-55.562159,-23.307879],[-55.535236,-23.229124],[-55.560867,-23.145925],[-55.599392,-23.117089],[-55.600684,-23.044535],[-55.637814,-23.000714],[-55.659001,-22.818296],[-55.618332,-22.725692],[-55.62368,-22.638669],[-55.723932,-22.569629],[-55.760235,-22.391965],[-55.86103,-22.289543],[-55.874388,-22.317345],[-55.998567,-22.277244],[-56.214264,-22.275383],[-56.347331,-22.180402],[-56.407637,-22.075809],[-56.5113,-22.091415],[-56.584965,-22.190531],[-56.654703,-22.23735],[-56.648811,-22.263498],[-56.715371,-22.215439],[-56.743534,-22.250372],[-56.808285,-22.247995],[-56.85606,-22.29316],[-56.879547,-22.289956],[-56.90368,-22.236936],[-56.91479,-22.262878],[-56.960524,-22.254816],[-56.964554,-22.234869],[-57.085064,-22.238073],[-57.199527,-22.212855],[-57.21379,-22.188154],[-57.271667,-22.213785],[-57.384994,-22.213268],[-57.463955,-22.180402],[-57.614075,-22.176991],[-57.663685,-22.100614],[-57.773652,-22.107745],[-57.843881,-22.143712],[-57.939999,-22.11839],[-57.986249,-22.074465],[-57.925374,-21.904967],[-57.955915,-21.85112],[-57.939017,-21.755312],[-57.895609,-21.688442],[-57.934831,-21.640693],[-57.912093,-21.564006],[-57.949145,-21.508298],[-57.855559,-21.330738],[-57.90429,-21.274928],[-57.833959,-21.173849],[-57.852459,-21.037836],[-57.817577,-20.953604],[-57.836026,-20.938514],[-57.847033,-20.955981],[-57.914832,-20.905648],[-57.859642,-20.831647],[-57.940412,-20.793613],[-57.857678,-20.73987],[-57.918088,-20.669797],[-57.947182,-20.675068],[-57.95638,-20.709898],[-57.980616,-20.692741],[-58.01002,-20.500091],[-57.989401,-20.433119],[-58.082987,-20.376171],[-58.09508,-20.272198],[-58.137041,-20.274369],[-58.162672,-20.243156],[-58.118541,-20.214424],[-58.158797,-20.165125],[-57.959171,-20.026218],[-57.917933,-20.034177]]]}},{"type":"Feature","properties":{"country_code":"BR","region_code":"BR-PR","name":"Paraná","native_name":"Paraná","type":"State"},"geometry":{"type":"MultiPolygon","coordinates":[[[[-54.407294,-24.821223],[-54.321305,-24.628366],[-54.334534,-24.496695],[-54.262187,-24.358512],[-54.314122,-24.234179],[-54.324767,-24.118217],[-54.077185,-23.949236],[-54.06778,-23.816479],[-53.968147,-23.443788],[-53.725139,-23.296355],[-53.641346,-23.10598],[-53.622742,-22.981646],[-53.584863,-22.902529],[-53.47965,-22.830751],[-53.115021,-22.686212],[-52.947228,-22.570767],[-52.693858,-22.603685],[-52.614742,-22.569526],[-52.520846,-22.614588],[-52.313701,-22.617947],[-52.275848,-22.597432],[-52.217143,-22.643837],[-52.174717,-22.624769],[-52.139706,-22.54157],[-52.066661,-22.521726],[-51.874942,-22.610351],[-51.74451,-22.617947],[-51.695289,-22.662647],[-51.640202,-22.652519],[-51.509486,-22.68585],[-51.34686,-22.651899],[-51.110725,-22.767189],[-50.880145,-22.822069],[-50.76488,-22.953896],[-50.655455,-22.921391],[-50.429294,-22.946919],[-50.384593,-22.912141],[-50.306381,-22.951777],[-50.20755,-22.949142],[-49.978081,-22.90377],[-49.968262,-22.952656],[-49.91408,-22.98578],[-49.894236,-23.04929],[-49.733729,-23.098952],[-49.638127,-23.259252],[-49.613529,-23.393404],[-49.653682,-23.512208],[-49.606166,-23.641141],[-49.552629,-23.711679],[-49.595701,-23.882056],[-49.513536,-23.935128],[-49.448552,-24.052485],[-49.353132,-24.113463],[-49.331066,-24.14974],[-49.336027,-24.224878],[-49.222339,-24.349986],[-49.24859,-24.386832],[-49.239392,-24.418096],[-49.295099,-24.44843],[-49.27107,-24.472149],[-49.278356,-24.523051],[-49.318405,-24.542481],[-49.295513,-24.666039],[-49.200092,-24.692033],[-49.052737,-24.684746],[-49.026873,-24.667848],[-49.02801,-24.634465],[-48.977883,-24.668778],[-48.829288,-24.662267],[-48.780841,-24.695547],[-48.676429,-24.674876],[-48.654311,-24.705003],[-48.581654,-24.681801],[-48.487603,-24.745673],[-48.546411,-24.818381],[-48.560002,-24.969948],[-48.592403,-25.001936],[-48.570234,-25.053819],[-48.500057,-25.082603],[-48.462023,-25.034286],[-48.460499,-24.991239],[-48.420527,-24.959665],[-48.276608,-25.0332],[-48.230229,-25.013563],[-48.178966,-25.204094],[-48.092279,-25.237064],[-48.032489,-25.229416],[-48.091542,-25.325291],[-48.168284,-25.369236],[-48.209055,-25.457615],[-48.250152,-25.42783],[-48.222157,-25.339125],[-48.127309,-25.279962],[-48.250152,-25.318048],[-48.284332,-25.289972],[-48.297434,-25.341241],[-48.332753,-25.358331],[-48.325307,-25.228611],[-48.372629,-25.27158],[-48.35261,-25.29339],[-48.367421,-25.304783],[-48.43456,-25.242283],[-48.43456,-25.262791],[-48.455678,-25.248468],[-48.428334,-25.324151],[-48.496571,-25.338474],[-48.445668,-25.347426],[-48.457428,-25.379653],[-48.414052,-25.410089],[-48.472727,-25.475681],[-48.517079,-25.447035],[-48.575063,-25.462009],[-48.635365,-25.444594],[-48.743031,-25.352146],[-48.683583,-25.46266],[-48.72936,-25.468194],[-48.710846,-25.496352],[-48.620107,-25.496189],[-48.654286,-25.516534],[-48.606435,-25.543878],[-48.524037,-25.514825],[-48.469309,-25.543878],[-48.503407,-25.571873],[-48.482493,-25.579848],[-48.455678,-25.550714],[-48.386708,-25.543878],[-48.361195,-25.570977],[-48.432729,-25.622491],[-48.541005,-25.845473],[-48.586008,-25.81756],[-48.578521,-25.797133],[-48.620107,-25.81756],[-48.583241,-25.854669],[-48.769439,-25.867364],[-48.765777,-25.886651],[-48.563466,-25.865818],[-48.582749,-25.980902],[-48.919308,-25.978517],[-48.946645,-26.006836],[-49.032583,-26.000221],[-49.046846,-26.01774],[-49.098367,-26.015983],[-49.115291,-25.992367],[-49.214484,-26.028488],[-49.295409,-26.107708],[-49.45558,-26.170392],[-49.489377,-26.22243],[-49.551621,-26.230027],[-49.666239,-26.19375],[-49.94475,-26.014587],[-50.19184,-26.054068],[-50.293746,-26.040012],[-50.326716,-26.065179],[-50.337103,-26.112101],[-50.38002,-26.063318],[-50.459318,-26.026215],[-50.588379,-26.007043],[-50.557684,-26.043423],[-50.646515,-26.070191],[-50.737544,-26.236228],[-50.788858,-26.224394],[-50.906603,-26.280566],[-50.926369,-26.246563],[-50.963421,-26.266355],[-50.998975,-26.237726],[-51.072252,-26.235143],[-51.129044,-26.283873],[-51.21307,-26.312657],[-51.291412,-26.435027],[-51.238598,-26.607316],[-51.285417,-26.652946],[-51.388124,-26.675994],[-51.41559,-26.704778],[-51.499383,-26.599048],[-52.00651,-26.581581],[-52.199676,-26.451615],[-52.642182,-26.401954],[-52.81584,-26.336583],[-52.941647,-26.367899],[-52.986295,-26.351311],[-53.111817,-26.36945],[-53.280954,-26.263099],[-53.355213,-26.241602],[-53.477609,-26.29209],[-53.661552,-26.259791],[-53.765008,-26.028074],[-53.833428,-25.962238],[-53.840352,-25.791396],[-53.88345,-25.735586],[-53.876474,-25.697862],[-53.90996,-25.629236],[-53.967735,-25.653213],[-53.997449,-25.574975],[-54.082715,-25.550067],[-54.09889,-25.597196],[-54.123126,-25.571771],[-54.116408,-25.494567],[-54.165087,-25.534358],[-54.2148,-25.531464],[-54.190253,-25.580763],[-54.243687,-25.577559],[-54.255624,-25.598746],[-54.299239,-25.552651],[-54.395409,-25.581073],[-54.447344,-25.68918],[-54.473027,-25.625825],[-54.5323,-25.610632],[-54.545632,-25.574769],[-54.600203,-25.574945],[-54.597981,-25.397518],[-54.426621,-25.149472],[-54.462278,-25.03723],[-54.407294,-24.821223]]],[[[-48.322324,-25.383708],[-48.255379,-25.348212],[-48.255883,-25.465745],[-48.291107,-25.489117],[-48.339525,-25.425535],[-48.322324,-25.383708]]]]}},{"type":"Feature","properties":{"country_code":"BR","region_code":"BR-SC","name":"Santa Catarina","native_name":"Santa Catarina","type":"State"},"geometry":{"type":"MultiPolygon","coordinates":[[[[-53.739532,-26.67558],[-53.724442,-26.376063],[-53.661552,-26.259791],[-53.477609,-26.29209],[-53.355213,-26.241602],[-53.280954,-26.263099],[-53.111817,-26.36945],[-52.986295,-26.351311],[-52.941647,-26.367899],[-52.81584,-26.336583],[-52.642182,-26.401954],[-52.189651,-26.454354],[-52.00651,-26.581581],[-51.499383,-26.599048],[-51.41559,-26.704778],[-51.388124,-26.675994],[-51.285417,-26.652946],[-51.238598,-26.607316],[-51.291412,-26.435027],[-51.21307,-26.312657],[-51.129044,-26.283873],[-51.072252,-26.235143],[-50.998975,-26.237726],[-50.963421,-26.266355],[-50.926369,-26.246563],[-50.906603,-26.280566],[-50.788858,-26.224394],[-50.737544,-26.236228],[-50.646515,-26.070191],[-50.557684,-26.043423],[-50.588379,-26.007043],[-50.459318,-26.026215],[-50.38002,-26.063318],[-50.337103,-26.112101],[-50.326716,-26.065179],[-50.293746,-26.040012],[-50.19184,-26.054068],[-49.94475,-26.014587],[-49.666239,-26.19375],[-49.551621,-26.230027],[-49.489377,-26.22243],[-49.45558,-26.170392],[-49.295409,-26.107708],[-49.214484,-26.028488],[-49.115291,-25.992367],[-49.098367,-26.015983],[-49.046846,-26.01774],[-49.032583,-26.000221],[-48.946645,-26.006836],[-48.919308,-25.978517],[-48.582749,-25.980902],[-48.61266,-26.040623],[-48.582916,-26.172621],[-48.667877,-26.236017],[-48.733795,-26.224705],[-48.788645,-26.063409],[-48.798004,-26.088067],[-48.756093,-26.203546],[-48.756215,-26.249444],[-48.77774,-26.263279],[-48.757314,-26.291192],[-48.798248,-26.304864],[-48.650787,-26.37656],[-48.6079,-26.4367],[-48.664459,-26.556085],[-48.683339,-26.662367],[-48.678944,-26.731052],[-48.626943,-26.770929],[-48.577952,-26.776544],[-48.628774,-26.864841],[-48.620107,-26.982599],[-48.575185,-27.016209],[-48.607167,-27.104425],[-48.579498,-27.158461],[-48.516225,-27.120782],[-48.476145,-27.153985],[-48.492909,-27.215997],[-48.524566,-27.221287],[-48.512603,-27.198175],[-48.54186,-27.182387],[-48.619985,-27.246677],[-48.609853,-27.305352],[-48.560943,-27.324965],[-48.551869,-27.387302],[-48.565541,-27.367446],[-48.581939,-27.416681],[-48.636952,-27.446954],[-48.64745,-27.479587],[-48.579091,-27.576349],[-48.586008,-27.613214],[-48.64745,-27.647393],[-48.606435,-27.750421],[-48.629221,-27.767511],[-48.565541,-27.860284],[-48.606435,-27.932306],[-48.598988,-28.041599],[-48.653717,-28.190199],[-48.635894,-28.230157],[-48.688385,-28.278009],[-48.696401,-28.342055],[-48.770619,-28.491957],[-48.803456,-28.452325],[-48.79483,-28.370538],[-48.864613,-28.320896],[-48.874013,-28.418878],[-48.83845,-28.437188],[-48.854888,-28.475274],[-48.789174,-28.521417],[-48.749867,-28.511407],[-48.815338,-28.610447],[-48.940582,-28.64544],[-49.342763,-28.923517],[-49.552317,-29.127374],[-49.713531,-29.324477],[-49.870594,-29.217855],[-49.954542,-29.193825],[-50.094043,-29.252478],[-50.034072,-29.314851],[-50.052288,-29.355365],[-50.162695,-29.296248],[-50.165098,-29.19615],[-50.069677,-29.092643],[-50.045131,-29.11631],[-50.00255,-29.098482],[-49.948677,-28.960971],[-49.960821,-28.832658],[-49.920177,-28.717472],[-49.89992,-28.732354],[-49.845944,-28.696904],[-49.780444,-28.609933],[-49.704273,-28.608693],[-49.707193,-28.531333],[-49.757087,-28.470407],[-49.780961,-28.497743],[-49.816618,-28.495728],[-49.873152,-28.449943],[-49.936688,-28.471492],[-49.972913,-28.450459],[-50.047766,-28.479812],[-50.110553,-28.470407],[-50.133834,-28.442501],[-50.161765,-28.484049],[-50.217007,-28.449943],[-50.34674,-28.449943],[-50.483916,-28.402142],[-50.539158,-28.415785],[-50.621065,-28.374185],[-50.696177,-28.264321],[-50.743977,-28.237036],[-50.792372,-28.133993],[-50.867484,-28.127172],[-50.869964,-28.091722],[-50.892469,-28.082575],[-50.886165,-28.025214],[-50.945334,-27.961704],[-51.012385,-27.934677],[-51.080494,-27.821092],[-51.189635,-27.764713],[-51.226868,-27.767814],[-51.292032,-27.716292],[-51.28583,-27.681514],[-51.334561,-27.669112],[-51.34686,-27.627202],[-51.388253,-27.654849],[-51.466181,-27.561625],[-51.551266,-27.571288],[-51.562971,-27.523849],[-51.59607,-27.537544],[-51.612865,-27.490105],[-51.643018,-27.510827],[-51.675626,-27.476049],[-51.717329,-27.510672],[-51.779082,-27.490053],[-51.779289,-27.523849],[-51.853651,-27.513101],[-51.861222,-27.476049],[-51.877241,-27.520439],[-51.915844,-27.449384],[-51.956797,-27.462406],[-51.931011,-27.44618],[-52.012039,-27.394142],[-51.950596,-27.38732],[-51.96491,-27.368355],[-52.008939,-27.359208],[-52.01961,-27.328667],[-52.111103,-27.329133],[-52.117201,-27.292597],[-52.159498,-27.29544],[-52.179058,-27.268154],[-52.231768,-27.319056],[-52.26838,-27.279161],[-52.25112,-27.248569],[-52.297707,-27.245313],[-52.314631,-27.29637],[-52.33419,-27.278076],[-52.382585,-27.287998],[-52.398837,-27.242471],[-52.416097,-27.271255],[-52.457077,-27.216013],[-52.485628,-27.257147],[-52.543041,-27.236477],[-52.673394,-27.250119],[-52.699181,-27.27389],[-52.717759,-27.237097],[-52.738248,-27.250119],[-52.868576,-27.161391],[-52.926635,-27.20237],[-52.944773,-27.163458],[-52.994202,-27.222059],[-52.986295,-27.151986],[-53.019962,-27.146043],[-53.002056,-27.095917],[-53.017508,-27.083153],[-53.053552,-27.099327],[-53.088304,-27.161391],[-53.149153,-27.133434],[-53.176464,-27.181855],[-53.217418,-27.161391],[-53.28961,-27.197616],[-53.314234,-27.195497],[-53.283228,-27.106149],[-53.368856,-27.071991],[-53.402032,-27.120411],[-53.445802,-27.13824],[-53.485567,-27.11359],[-53.517994,-27.195291],[-53.587964,-27.175033],[-53.653438,-27.216013],[-53.677364,-27.153949],[-53.736068,-27.18139],[-53.786014,-27.148368],[-53.840837,-27.168147],[-53.800923,-27.039072],[-53.76847,-27.024086],[-53.712505,-26.904507],[-53.734002,-26.777383],[-53.77431,-26.714337],[-53.739532,-26.67558]]],[[[-48.517079,-27.428318],[-48.426584,-27.38893],[-48.379872,-27.435724],[-48.414052,-27.534112],[-48.407216,-27.579197],[-48.496571,-27.702732],[-48.486073,-27.774347],[-48.563791,-27.817315],[-48.559071,-27.674493],[-48.523915,-27.633722],[-48.547109,-27.577244],[-48.504262,-27.55641],[-48.537506,-27.47617],[-48.517079,-27.428318]]],[[[-48.489125,-26.236017],[-48.583241,-26.421075],[-48.703277,-26.311944],[-48.558095,-26.205499],[-48.547597,-26.16725],[-48.489125,-26.236017]]]]}},{"type":"Feature","properties":{"country_code":"BR","region_code":"BR-AM","name":"Amazonas","native_name":"Amazonas","type":"State"},"geometry":{"type":"Polygon","coordinates":[[[-67.439729,2.13956],[-67.340614,2.090106],[-67.117165,1.709793],[-67.073601,1.541199],[-67.086107,1.176002],[-66.875061,1.22251],[-66.407079,0.802071],[-66.285071,0.745847],[-66.208745,0.763107],[-66.134382,0.731119],[-66.079192,0.777576],[-65.974082,0.80698],[-65.891761,0.895605],[-65.74544,0.974154],[-65.596043,0.98361],[-65.518503,0.88651],[-65.533179,0.816334],[-65.587336,0.739129],[-65.585217,0.691483],[-65.542661,0.649315],[-65.45122,0.69014],[-65.413884,0.74161],[-65.400009,0.81654],[-65.327196,0.910281],[-65.203044,0.923821],[-65.136769,1.126909],[-65.022486,1.139983],[-64.966469,1.2006],[-64.897404,1.219668],[-64.839293,1.270828],[-64.730876,1.247574],[-64.604217,1.331289],[-64.551197,1.419527],[-64.40901,1.507506],[-64.364594,1.497093],[-64.394773,1.39219],[-64.389579,1.369297],[-64.352941,1.365835],[-64.301523,1.446657],[-64.092957,1.622615],[-64.053605,1.89371],[-63.99503,1.958021],[-63.783208,1.974997],[-63.617533,2.101165],[-63.411758,2.149379],[-63.386546,2.235889],[-63.28887,2.159248],[-63.148052,2.177542],[-63.122498,2.114342],[-63.030643,2.031659],[-62.848432,2.019102],[-62.698674,1.936368],[-62.692524,1.901176],[-62.733504,1.822525],[-62.714358,1.726923],[-62.752366,1.69292],[-62.786808,1.603313],[-62.720404,1.49624],[-62.615346,1.400173],[-62.514654,1.05854],[-62.509745,0.961905],[-62.448224,0.82486],[-62.462848,0.783983],[-62.544678,0.711895],[-62.481168,0.519814],[-62.535661,0.418941],[-62.529511,0.322565],[-62.567984,0.24691],[-62.566744,0.175597],[-62.526049,0.095395],[-62.585554,-0.01111],[-62.518556,-0.107538],[-62.477783,-0.222777],[-62.416262,-0.257865],[-62.38244,-0.309903],[-62.374508,-0.456923],[-62.318671,-0.52033],[-62.303969,-0.609523],[-62.387013,-0.720007],[-62.495689,-0.694944],[-62.502588,-0.783828],[-62.427243,-0.8215],[-62.316527,-0.943146],[-62.242733,-0.98211],[-62.197929,-1.05146],[-62.027604,-1.144271],[-61.937403,-1.244885],[-61.870714,-1.37945],[-61.760824,-1.359038],[-61.713049,-1.39702],[-61.601583,-1.418311],[-61.621944,-1.284986],[-61.576133,-1.142566],[-61.559932,-1.033942],[-61.581662,-0.909195],[-61.532233,-0.728534],[-61.466527,-0.644198],[-61.253336,-0.554591],[-61.21662,-0.494853],[-61.117117,-0.489892],[-61.060453,-0.528598],[-60.931237,-0.554901],[-60.910566,-0.603012],[-60.805663,-0.699233],[-60.736726,-0.849509],[-60.640247,-0.858759],[-60.600275,-0.833851],[-60.52413,-0.833592],[-60.476923,-0.746259],[-60.321351,-0.694738],[-60.308225,-0.639082],[-60.385766,-0.538571],[-60.385869,-0.463744],[-60.317088,-0.305872],[-60.308639,-0.225309],[-60.223321,-0.053847],[-60.169784,0.006408],[-60.133533,0.120096],[-60.067956,0.165882],[-60.048345,0.211977],[-58.87051,0.225361],[-58.853741,-0.35202],[-58.730105,-0.446742],[-58.738373,-0.652466],[-58.627605,-0.765121],[-58.559082,-0.767188],[-58.448339,-0.847648],[-58.389505,-1.04898],[-58.307495,-1.124272],[-58.244062,-1.135486],[-58.184092,-1.219977],[-58.121718,-1.243593],[-58.081721,-1.298422],[-57.980461,-1.348186],[-57.901499,-1.423272],[-57.812099,-1.453451],[-57.667069,-1.583727],[-57.405509,-1.708836],[-57.337477,-1.729248],[-57.254665,-1.716226],[-57.242314,-1.765783],[-57.182215,-1.76537],[-57.087854,-1.811827],[-56.991994,-1.945411],[-56.834587,-2.031865],[-56.753455,-2.036051],[-56.761259,-2.152737],[-56.739477,-2.181055],[-56.635246,-2.222396],[-56.498587,-2.161728],[-56.477426,-2.256399],[-56.396888,-2.272212],[-56.311932,-2.235832],[-56.399007,-2.30389],[-56.389653,-2.390551],[-58.294421,-6.496864],[-58.4664,-6.701606],[-58.466632,-6.783307],[-58.420976,-6.913273],[-58.216958,-7.110005],[-58.185306,-7.166642],[-58.170475,-7.299657],[-58.13549,-7.339138],[-58.216415,-7.432001],[-58.227474,-7.503159],[-58.205279,-7.570339],[-58.223753,-7.621757],[-58.378602,-7.818075],[-58.305479,-8.104828],[-58.336795,-8.246525],[-58.437074,-8.412613],[-58.419917,-8.551157],[-58.48136,-8.704585],[-58.545232,-8.748251],[-61.611298,-8.76856],[-61.618688,-8.711458],[-61.717054,-8.687583],[-61.774751,-8.73466],[-61.837796,-8.744582],[-61.869319,-8.848245],[-61.919367,-8.872791],[-62.016622,-8.802098],[-62.123722,-8.780446],[-62.175502,-8.601077],[-62.299628,-8.581181],[-62.381303,-8.374217],[-62.454787,-8.349206],[-62.540182,-8.362745],[-62.554522,-8.286987],[-62.636068,-8.219911],[-62.668882,-8.12431],[-62.744382,-8.049379],[-62.904243,-8.008296],[-63.538261,-8.000493],[-63.589679,-8.079868],[-63.58402,-8.15852],[-63.73551,-8.198156],[-63.740781,-8.277789],[-63.899996,-8.318045],[-63.988828,-8.428839],[-63.985727,-8.470594],[-63.921778,-8.544594],[-64.00508,-8.684999],[-64.073009,-8.712853],[-64.117735,-8.683139],[-64.134349,-8.694094],[-64.119672,-8.956559],[-64.17569,-8.934286],[-64.216023,-8.950358],[-64.373068,-8.935785],[-64.419422,-8.970667],[-64.489159,-8.954854],[-64.597473,-9.025857],[-64.778521,-8.986686],[-64.866759,-9.040998],[-64.920476,-9.108953],[-64.907376,-9.224398],[-65.066927,-9.425884],[-65.106486,-9.435031],[-65.153692,-9.406247],[-65.21126,-9.253182],[-65.419541,-9.390176],[-65.450961,-9.454616],[-65.562608,-9.413999],[-65.646866,-9.459939],[-65.676244,-9.532544],[-65.753061,-9.570113],[-65.952713,-9.403612],[-66.151254,-9.422267],[-66.388216,-9.40077],[-66.393952,-9.510324],[-66.492137,-9.624735],[-66.597273,-9.664526],[-66.695329,-9.748862],[-66.743647,-9.748707],[-66.830515,-9.837952],[-69.806767,-8.454522],[-70.371487,-8.15728],[-72.663699,-7.591578],[-73.806762,-7.117879],[-73.759421,-6.887434],[-73.685084,-6.811883],[-73.370685,-6.583886],[-73.198964,-6.545646],[-73.147804,-6.476193],[-73.126979,-6.39134],[-73.177673,-6.202411],[-73.235293,-6.123656],[-73.234776,-6.077561],[-73.140001,-5.878503],[-72.97691,-5.651747],[-72.9735,-5.466125],[-72.896657,-5.271615],[-72.917948,-5.132089],[-72.74757,-5.055091],[-72.644786,-5.060569],[-72.614349,-5.009719],[-72.414671,-4.876342],[-72.386094,-4.79397],[-72.331937,-4.763274],[-72.251063,-4.75883],[-72.108023,-4.664262],[-72.071126,-4.605144],[-72.035521,-4.611862],[-71.907208,-4.518431],[-71.800651,-4.502411],[-71.784838,-4.480501],[-71.699314,-4.481637],[-71.665207,-4.507579],[-71.613428,-4.47926],[-71.617148,-4.500344],[-71.524596,-4.485151],[-71.477415,-4.440606],[-71.386982,-4.434922],[-71.363262,-4.45921],[-71.315151,-4.439986],[-71.304609,-4.394924],[-71.264818,-4.375494],[-71.214072,-4.410841],[-71.169682,-4.362782],[-71.128496,-4.401849],[-71.081574,-4.364125],[-71.029329,-4.385829],[-71.005454,-4.347589],[-70.968687,-4.385313],[-70.873705,-4.250747],[-70.842751,-4.238138],[-70.832235,-4.179434],[-70.774254,-4.155042],[-70.694052,-4.172302],[-70.646768,-4.115665],[-70.632531,-4.166825],[-70.585273,-4.194523],[-70.549694,-4.140676],[-70.515975,-4.182328],[-70.429934,-4.134165],[-70.361437,-4.168168],[-70.330612,-4.143157],[-70.311104,-4.170855],[-70.316711,-4.247026],[-70.205632,-4.342938],[-70.138892,-4.260462],[-70.096621,-4.265733],[-70.037038,-4.340871],[-69.971822,-4.290951],[-69.399454,-1.182717],[-69.448159,-1.092077],[-69.442863,-1.008361],[-69.532599,-0.93405],[-69.572725,-0.813541],[-69.628381,-0.733442],[-69.584223,-0.644559],[-69.619751,-0.524566],[-69.746462,-0.453046],[-69.858108,-0.341425],[-69.933634,-0.314347],[-70.068044,-0.160144],[-70.054246,0.588131],[-69.805321,0.606941],[-69.694682,0.668746],[-69.619157,0.650659],[-69.594119,0.689313],[-69.47808,0.732825],[-69.362557,0.640944],[-69.302148,0.65655],[-69.297057,0.618103],[-69.226183,0.614796],[-69.137455,0.650142],[-69.192258,0.728949],[-69.167763,0.756027],[-69.175385,0.844446],[-69.152389,0.867803],[-69.209983,0.907543],[-69.204324,0.943664],[-69.288815,1.038439],[-69.354961,1.067068],[-69.418161,1.028621],[-69.478261,1.06066],[-69.716024,1.058593],[-69.762559,1.091097],[-69.852192,1.05942],[-69.856171,1.707675],[-69.541952,1.772709],[-69.352403,1.720206],[-68.163302,1.721291],[-68.193533,1.763744],[-68.238957,1.770281],[-68.24831,1.822112],[-68.280246,1.829398],[-68.192189,2.014891],[-68.1771,1.973188],[-68.111109,1.942415],[-68.031786,1.777515],[-67.928846,1.74129],[-67.820843,1.784001],[-67.59295,2.054811],[-67.439729,2.13956]]]}},{"type":"Feature","properties":{"country_code":"BR","region_code":"BR-RO","name":"Rondônia","native_name":"Rondônia","type":"State"},"geometry":{"type":"Polygon","coordinates":[[[-65.410938,-10.44918],[-65.365024,-10.332185],[-65.327817,-10.314408],[-65.284822,-10.206818],[-65.336834,-9.967246],[-65.29911,-9.841259],[-65.397993,-9.686746],[-65.45184,-9.681372],[-65.583977,-9.837228],[-65.678958,-9.789376],[-65.713116,-9.794233],[-65.709964,-9.755993],[-65.772441,-9.768808],[-65.788564,-9.733048],[-65.806418,-9.784415],[-65.834065,-9.758266],[-65.862461,-9.781831],[-65.946952,-9.771392],[-66.029479,-9.808289],[-66.086995,-9.784518],[-66.43271,-9.886114],[-66.648925,-9.915879],[-66.830515,-9.837952],[-66.743647,-9.748707],[-66.695329,-9.748862],[-66.597273,-9.664526],[-66.492137,-9.624735],[-66.393952,-9.510324],[-66.388216,-9.40077],[-66.151254,-9.422267],[-65.952713,-9.403612],[-65.753061,-9.570113],[-65.676244,-9.532544],[-65.646866,-9.459939],[-65.562608,-9.413999],[-65.450961,-9.454616],[-65.419541,-9.390176],[-65.21126,-9.253182],[-65.162296,-9.39555],[-65.119766,-9.431465],[-65.077934,-9.431724],[-64.907376,-9.224398],[-64.920476,-9.108953],[-64.866759,-9.040998],[-64.778521,-8.986686],[-64.597473,-9.025857],[-64.489159,-8.954854],[-64.419422,-8.970667],[-64.373068,-8.935785],[-64.216023,-8.950358],[-64.17569,-8.934286],[-64.119672,-8.956559],[-64.134349,-8.694094],[-64.117735,-8.683139],[-64.073009,-8.712853],[-64.00508,-8.684999],[-63.921778,-8.544594],[-63.985727,-8.470594],[-63.988828,-8.428839],[-63.899996,-8.318045],[-63.740781,-8.277789],[-63.73551,-8.198156],[-63.58402,-8.15852],[-63.589679,-8.079868],[-63.538261,-8.000493],[-62.829441,-8.015841],[-62.733814,-8.05558],[-62.675781,-8.11413],[-62.636068,-8.219911],[-62.554522,-8.286987],[-62.540182,-8.362745],[-62.454787,-8.349206],[-62.381303,-8.374217],[-62.299628,-8.581181],[-62.175502,-8.601077],[-62.123722,-8.780446],[-62.016622,-8.802098],[-61.962776,-8.856462],[-61.905053,-8.873153],[-61.869319,-8.848245],[-61.837796,-8.744582],[-61.774751,-8.73466],[-61.717054,-8.687583],[-61.618688,-8.711458],[-61.611298,-8.76856],[-61.509392,-8.846798],[-61.486009,-8.914339],[-61.557891,-9.096757],[-61.530838,-9.224553],[-61.592927,-9.24202],[-61.611298,-9.320051],[-61.554764,-9.388005],[-61.521769,-9.564067],[-61.481616,-9.628094],[-61.521226,-9.706281],[-61.564014,-9.726848],[-61.519444,-9.873971],[-61.579414,-10.130906],[-61.554971,-10.185373],[-61.563239,-10.261647],[-61.471049,-10.434763],[-61.503295,-10.686531],[-61.465648,-10.719862],[-61.479523,-10.771642],[-61.520038,-10.7904],[-61.521045,-10.967702],[-61.470299,-10.996848],[-60.441241,-11.003462],[-60.433076,-11.053589],[-60.369979,-11.109347],[-60.289131,-11.077153],[-60.190248,-11.116324],[-60.069894,-11.114257],[-60.001629,-11.144332],[-59.911195,-11.384059],[-60.013618,-11.523896],[-60.101416,-11.599757],[-60.101313,-11.744554],[-60.06948,-11.893537],[-59.983387,-11.916688],[-59.895951,-12.101742],[-59.887192,-12.259251],[-59.823371,-12.408286],[-59.909103,-12.618351],[-59.997314,-12.7185],[-60.042014,-12.875286],[-60.094078,-12.936419],[-60.195157,-12.972024],[-60.265747,-13.056154],[-60.2689,-13.119767],[-60.351169,-13.272058],[-60.383751,-13.420266],[-60.725572,-13.662845],[-60.896743,-13.552918],[-61.022007,-13.535245],[-61.047225,-13.464552],[-61.118719,-13.484499],[-61.149105,-13.519845],[-61.248556,-13.524393],[-61.347724,-13.493697],[-61.503425,-13.548164],[-61.597114,-13.5061],[-61.83635,-13.540619],[-61.872317,-13.456077],[-62.109408,-13.248958],[-62.114679,-13.150204],[-62.172454,-13.117855],[-62.173952,-13.140799],[-62.211521,-13.120335],[-62.335028,-13.14514],[-62.424118,-13.126536],[-62.472125,-13.068452],[-62.554601,-13.066798],[-62.641676,-13.030005],[-62.686634,-12.964996],[-62.768645,-12.990627],[-62.770453,-13.010471],[-62.789832,-13.000652],[-62.928893,-12.846036],[-62.988011,-12.843866],[-63.051108,-12.742167],[-63.075034,-12.652663],[-63.136684,-12.63375],[-63.235955,-12.698552],[-63.317913,-12.701963],[-63.431446,-12.636954],[-63.485758,-12.557475],[-63.542189,-12.547967],[-63.657738,-12.475413],[-63.801398,-12.454949],[-63.862893,-12.469212],[-63.921236,-12.544349],[-63.972447,-12.523886],[-64.022832,-12.537838],[-64.044458,-12.509106],[-64.119828,-12.489676],[-64.144788,-12.520372],[-64.215223,-12.473759],[-64.287544,-12.497117],[-64.297699,-12.465698],[-64.395729,-12.457326],[-64.48978,-12.373611],[-64.468153,-12.272635],[-64.489392,-12.239459],[-64.66486,-12.180961],[-64.689923,-12.104376],[-64.716278,-12.146544],[-64.739532,-12.144581],[-64.7925,-12.032546],[-64.997449,-11.996269],[-65.016337,-11.968467],[-64.998121,-11.908936],[-65.033674,-11.879791],[-65.065559,-11.75308],[-65.113566,-11.722591],[-65.113411,-11.690551],[-65.151497,-11.77313],[-65.196197,-11.741814],[-65.193354,-11.632364],[-65.167439,-11.615517],[-65.219244,-11.584511],[-65.222655,-11.517435],[-65.257562,-11.495318],[-65.29247,-11.504723],[-65.319548,-11.476404],[-65.354766,-11.382353],[-65.326447,-11.327783],[-65.38727,-11.277553],[-65.360011,-11.218849],[-65.394738,-11.153427],[-65.341046,-11.106608],[-65.341976,-11.032814],[-65.29911,-10.982068],[-65.327119,-10.850499],[-65.404737,-10.799236],[-65.381069,-10.698054],[-65.435691,-10.62581],[-65.44998,-10.468094],[-65.410938,-10.44918]]]}},{"type":"Feature","properties":{"country_code":"BR","region_code":"BR-MT","name":"Mato Grosso","native_name":"Mato Grosso","type":"State"},"geometry":{"type":"Polygon","coordinates":[[[-58.464721,-16.33125],[-60.129839,-16.273062],[-60.16069,-16.264794],[-60.17981,-16.222006],[-60.246395,-15.478279],[-60.582241,-15.098871],[-60.269805,-15.083368],[-60.291716,-14.630062],[-60.369204,-14.542832],[-60.338431,-14.5326],[-60.343806,-14.490949],[-60.399926,-14.340777],[-60.464341,-14.278352],[-60.478939,-14.1627],[-60.468268,-14.103686],[-60.419434,-14.076917],[-60.387188,-13.98328],[-60.448812,-13.896773],[-60.472635,-13.797865],[-60.575135,-13.765619],[-60.725572,-13.662845],[-60.383751,-13.420266],[-60.351169,-13.272058],[-60.2689,-13.119767],[-60.265747,-13.056154],[-60.195157,-12.972024],[-60.094078,-12.936419],[-60.042014,-12.875286],[-59.997314,-12.7185],[-59.909103,-12.618351],[-59.823371,-12.408286],[-59.887192,-12.259251],[-59.895951,-12.101742],[-59.983387,-11.916688],[-60.06948,-11.893537],[-60.101313,-11.744554],[-60.101416,-11.599757],[-60.013618,-11.523896],[-59.911195,-11.384059],[-60.001629,-11.144332],[-60.069894,-11.114257],[-60.190248,-11.116324],[-60.289131,-11.077153],[-60.369979,-11.109347],[-60.433076,-11.053589],[-60.441241,-11.003462],[-61.510064,-10.989148],[-61.520038,-10.7904],[-61.479523,-10.771642],[-61.465648,-10.719862],[-61.503295,-10.686531],[-61.471049,-10.434763],[-61.563239,-10.261647],[-61.554971,-10.185373],[-61.579414,-10.130906],[-61.519444,-9.873971],[-61.564014,-9.726848],[-61.521226,-9.706281],[-61.481616,-9.628094],[-61.521769,-9.564067],[-61.554764,-9.388005],[-61.611298,-9.320051],[-61.592927,-9.24202],[-61.530838,-9.224553],[-61.557891,-9.096757],[-61.484381,-8.903901],[-61.509392,-8.846798],[-61.611298,-8.76856],[-58.545232,-8.748251],[-58.48136,-8.704585],[-58.419917,-8.551157],[-58.439554,-8.42207],[-58.336795,-8.246525],[-58.305479,-8.104828],[-58.378602,-7.818075],[-58.223753,-7.621757],[-58.205279,-7.570339],[-58.227474,-7.503159],[-58.216415,-7.432001],[-58.13549,-7.339138],[-57.979789,-7.530238],[-57.893696,-7.692553],[-57.78825,-8.035943],[-57.643556,-8.215519],[-57.680376,-8.445841],[-57.59113,-8.744892],[-57.481938,-8.792693],[-57.308848,-8.950823],[-57.09297,-9.057586],[-57.059793,-9.218972],[-56.837094,-9.273129],[-56.770095,-9.397876],[-56.678189,-9.377308],[-56.467478,-9.47539],[-50.235719,-9.843983],[-50.303952,-10.020835],[-50.391415,-10.135867],[-50.406401,-10.299061],[-50.493476,-10.417658],[-50.519081,-10.558322],[-50.598818,-10.656559],[-50.587062,-10.752987],[-50.626594,-10.821716],[-50.613391,-10.884038],[-50.635276,-10.928273],[-50.611763,-11.061185],[-50.66437,-11.142937],[-50.670855,-11.259312],[-50.741109,-11.471289],[-50.730929,-11.530562],[-50.6499,-11.608232],[-50.657962,-11.663474],[-50.712506,-11.738663],[-50.677392,-11.862738],[-50.644345,-11.889817],[-50.68318,-12.041849],[-50.67256,-12.191969],[-50.625354,-12.272532],[-50.612228,-12.431127],[-50.634113,-12.457172],[-50.648867,-12.599076],[-50.675067,-12.615147],[-50.626904,-12.659279],[-50.598663,-12.804541],[-50.484019,-12.844797],[-50.478309,-12.87911],[-50.49854,-12.958537],[-50.559389,-13.010213],[-50.550397,-13.050004],[-50.5867,-13.073517],[-50.569027,-13.228391],[-50.599542,-13.303012],[-50.669021,-13.437164],[-50.755191,-13.533696],[-50.795835,-13.675909],[-50.866373,-13.716113],[-50.845754,-14.084101],[-50.868156,-14.110456],[-50.922648,-14.117536],[-50.959649,-14.235823],[-50.997709,-14.399483],[-50.968821,-14.502422],[-50.984195,-14.566346],[-51.038791,-14.658226],[-51.10026,-14.887876],[-51.159714,-14.962601],[-51.274978,-15.018204],[-51.319963,-14.956141],[-51.412024,-14.995415],[-51.648935,-15.190132],[-51.648935,-15.264649],[-51.675626,-15.288524],[-51.675626,-15.36764],[-51.711541,-15.474249],[-51.748515,-15.529956],[-51.792931,-15.539],[-51.773914,-15.610571],[-51.871634,-15.792524],[-51.8983,-15.811593],[-51.966771,-15.800741],[-52.029919,-15.868385],[-52.230553,-15.898719],[-52.33419,-16.0461],[-52.532499,-16.152089],[-52.539346,-16.233376],[-52.674867,-16.30071],[-52.67634,-16.382824],[-52.615543,-16.426077],[-52.632415,-16.528913],[-52.696545,-16.588858],[-52.712152,-16.650611],[-52.809252,-16.745386],[-53.01942,-16.867859],[-53.037662,-17.037616],[-53.203259,-17.282046],[-53.189642,-17.362557],[-53.244781,-17.592363],[-53.053836,-18.016626],[-53.146647,-18.031612],[-53.287517,-17.998849],[-53.4627,-18.013525],[-53.604655,-17.992855],[-53.728162,-18.007996],[-53.869058,-17.947328],[-53.976803,-17.933272],[-53.978147,-17.873689],[-53.875078,-17.705276],[-53.753664,-17.651325],[-53.682661,-17.308349],[-53.689224,-17.250213],[-53.758238,-17.259825],[-53.821541,-17.306075],[-54.128396,-17.623885],[-54.383652,-17.675872],[-54.420523,-17.580942],[-54.526072,-17.513608],[-54.606506,-17.505029],[-54.752182,-17.537999],[-54.811042,-17.601664],[-54.914705,-17.654891],[-55.180502,-17.685794],[-55.339123,-17.584611],[-55.53601,-17.501464],[-55.631818,-17.380541],[-55.787545,-17.35155],[-55.847128,-17.305145],[-55.995052,-17.259825],[-56.043886,-17.198071],[-56.102642,-17.187374],[-56.239327,-17.213884],[-56.315317,-17.281942],[-56.416758,-17.315842],[-56.756349,-17.318167],[-56.84146,-17.401211],[-56.852106,-17.485237],[-56.975845,-17.584456],[-56.978868,-17.656751],[-57.083073,-17.763205],[-57.418169,-17.864077],[-57.472249,-17.947276],[-57.474057,-17.892189],[-57.602292,-17.818085],[-57.634022,-17.741191],[-57.724456,-17.736642],[-57.767554,-17.708737],[-57.814425,-17.519705],[-58.010175,-17.49676],[-58.204065,-17.377388],[-58.231557,-17.329742],[-58.38116,-17.267214],[-58.466272,-16.887289],[-58.452939,-16.841296],[-58.480276,-16.683683],[-58.342661,-16.473154],[-58.36359,-16.43667],[-58.334548,-16.386647],[-58.339561,-16.289289],[-58.392943,-16.279367],[-58.464721,-16.33125]]]}},{"type":"Feature","properties":{"country_code":"BR","region_code":"BR-MA","name":"Maranhão","native_name":"Maranhão","type":"State"},"geometry":{"type":"MultiPolygon","coordinates":[[[[-46.132243,-1.230829],[-46.050445,-1.162693],[-46.050445,-1.210382],[-46.032216,-1.200779],[-46.036204,-1.14837],[-46.015736,-1.093683],[-45.990834,-1.104262],[-45.979454,-1.055084],[-45.96109,-1.107354],[-45.981597,-1.141534],[-45.948069,-1.141534],[-45.998891,-1.151788],[-46.002675,-1.192804],[-45.939036,-1.24627],[-45.867487,-1.063471],[-45.853869,-1.101172],[-45.905873,-1.17254],[-45.905873,-1.210382],[-45.879221,-1.162693],[-45.872792,-1.202244],[-45.899648,-1.257582],[-45.864858,-1.23089],[-45.885365,-1.284845],[-45.862538,-1.273126],[-45.838206,-1.202895],[-45.820546,-1.262791],[-45.840566,-1.279555],[-45.810902,-1.32643],[-45.809804,-1.275079],[-45.782948,-1.278009],[-45.721588,-1.134942],[-45.696034,-1.160577],[-45.734527,-1.251397],[-45.688568,-1.202189],[-45.654118,-1.27438],[-45.675535,-1.366316],[-45.621571,-1.357192],[-45.61026,-1.275649],[-45.579213,-1.281508],[-45.598012,-1.292413],[-45.58373,-1.32643],[-45.543853,-1.270278],[-45.529693,-1.284845],[-45.550201,-1.312188],[-45.529693,-1.305922],[-45.550201,-1.353774],[-45.515452,-1.312188],[-45.529693,-1.415785],[-45.460805,-1.312188],[-45.41983,-1.292413],[-45.447133,-1.292413],[-45.415679,-1.287693],[-45.412994,-1.350193],[-45.468251,-1.367446],[-45.481313,-1.463637],[-45.504221,-1.458673],[-45.5183,-1.464532],[-45.542714,-1.490981],[-45.50178,-1.469985],[-45.509267,-1.504571],[-45.464508,-1.500584],[-45.460805,-1.546157],[-45.451039,-1.453709],[-45.423329,-1.428888],[-45.432932,-1.463637],[-45.40274,-1.44256],[-45.360219,-1.320245],[-45.326161,-1.312921],[-45.296295,-1.415785],[-45.391957,-1.484145],[-45.350942,-1.476739],[-45.40095,-1.560154],[-45.391957,-1.580336],[-45.385732,-1.546157],[-45.340199,-1.583185],[-45.364613,-1.703871],[-45.323638,-1.744806],[-45.221262,-1.672784],[-45.25536,-1.607599],[-45.247467,-1.579278],[-45.204172,-1.52516],[-45.179677,-1.525649],[-45.163197,-1.482843],[-45.138661,-1.504571],[-45.091379,-1.464125],[-45.081207,-1.481134],[-45.104563,-1.484145],[-45.078928,-1.483575],[-45.062978,-1.428888],[-45.056752,-1.476739],[-45.006744,-1.490655],[-44.998036,-1.524021],[-45.021962,-1.518243],[-44.967356,-1.546157],[-45.020375,-1.578709],[-45.021962,-1.600844],[-45.008941,-1.582696],[-44.967356,-1.594008],[-44.953847,-1.501723],[-44.868031,-1.421319],[-44.851308,-1.484145],[-44.913075,-1.547947],[-44.912099,-1.600844],[-44.953725,-1.600844],[-44.915273,-1.647231],[-44.933827,-1.65545],[-44.911936,-1.653578],[-44.885365,-1.600844],[-44.847401,-1.64129],[-44.83019,-1.634942],[-44.850697,-1.616143],[-44.837026,-1.566095],[-44.810374,-1.628106],[-44.802887,-1.600844],[-44.791819,-1.618422],[-44.810374,-1.652032],[-44.782379,-1.682794],[-44.802887,-1.703871],[-44.773183,-1.724298],[-44.821929,-1.75921],[-44.773997,-1.740655],[-44.767812,-1.726983],[-44.775543,-1.703871],[-44.707875,-1.717462],[-44.810374,-1.813165],[-44.730458,-1.785821],[-44.679351,-1.81113],[-44.652699,-1.717462],[-44.598012,-1.744806],[-44.659535,-1.839776],[-44.621002,-1.826104],[-44.598012,-1.847263],[-44.573232,-1.813165],[-44.570139,-1.860935],[-44.542836,-1.826104],[-44.525706,-1.839776],[-44.590647,-1.901788],[-44.521718,-1.895115],[-44.490224,-1.995375],[-44.617299,-2.038995],[-44.494374,-2.045831],[-44.6079,-2.153741],[-44.645253,-2.155694],[-44.588612,-2.16546],[-44.655426,-2.231134],[-44.707875,-2.237563],[-44.693593,-2.265558],[-44.751373,-2.252048],[-44.824045,-2.279229],[-44.717844,-2.265558],[-44.70051,-2.299737],[-44.665639,-2.270929],[-44.720937,-2.402114],[-44.663971,-2.356703],[-44.663482,-2.420587],[-44.652699,-2.429457],[-44.631581,-2.271742],[-44.497304,-2.147882],[-44.461659,-2.144627],[-44.398793,-2.197361],[-44.363596,-2.333917],[-44.395375,-2.402114],[-44.473948,-2.402114],[-44.51065,-2.36712],[-44.551422,-2.391046],[-44.570139,-2.416436],[-44.507436,-2.389825],[-44.521596,-2.500095],[-44.655995,-2.593194],[-44.659535,-2.608168],[-44.540395,-2.538263],[-44.631581,-2.696954],[-44.650136,-2.854669],[-44.686147,-2.916681],[-44.693593,-2.994887],[-44.624745,-3.025974],[-44.622222,-3.051039],[-44.707875,-3.135837],[-44.720937,-3.176853],[-44.781565,-3.196954],[-44.761301,-3.286065],[-44.79601,-3.300226],[-44.761586,-3.305597],[-44.742787,-3.207452],[-44.659983,-3.184666],[-44.613596,-3.111993],[-44.573232,-3.101658],[-44.432973,-2.950291],[-44.364654,-2.628676],[-44.350982,-2.662774],[-44.368072,-2.549574],[-44.352651,-2.529067],[-44.312245,-2.531915],[-44.28893,-2.580255],[-44.292633,-2.481052],[-44.220082,-2.470392],[-44.072987,-2.399509],[-44.034413,-2.415216],[-44.02892,-2.443048],[-44.097157,-2.45672],[-44.063629,-2.462986],[-44.056223,-2.505141],[-44.0419,-2.470392],[-44.049387,-2.552911],[-44.12442,-2.594496],[-44.106557,-2.602309],[-44.137196,-2.67018],[-44.179677,-2.690118],[-44.213857,-2.669041],[-44.200185,-2.696954],[-44.33849,-2.784926],[-44.329945,-2.827325],[-44.312489,-2.778741],[-44.296376,-2.834161],[-44.255442,-2.765313],[-44.220082,-2.793145],[-44.218373,-2.767755],[-44.186513,-2.759047],[-44.174713,-2.807061],[-44.218861,-2.84824],[-44.200185,-2.86891],[-44.098134,-2.748712],[-44.104604,-2.765313],[-44.069814,-2.765313],[-44.082875,-2.806817],[-44.022939,-2.648858],[-43.975901,-2.610284],[-43.94636,-2.628676],[-43.958363,-2.600681],[-43.923248,-2.546808],[-43.878041,-2.634942],[-43.879465,-2.571222],[-43.746409,-2.529229],[-43.72411,-2.477227],[-43.706532,-2.513849],[-43.721059,-2.560317],[-43.658315,-2.546157],[-43.682444,-2.504653],[-43.644643,-2.477227],[-43.665761,-2.511977],[-43.635732,-2.498305],[-43.61734,-2.525079],[-43.558176,-2.530857],[-43.537343,-2.435968],[-43.494496,-2.546157],[-43.466542,-2.518243],[-43.45287,-2.552911],[-43.465403,-2.486017],[-43.418772,-2.484633],[-43.459788,-2.443048],[-43.411936,-2.45672],[-43.48705,-2.395278],[-43.467373,-2.345767],[-43.407565,-2.33713],[-43.199395,-2.379511],[-42.819163,-2.546157],[-42.700022,-2.563572],[-42.580881,-2.672052],[-42.487131,-2.669041],[-42.489491,-2.69964],[-42.514394,-2.696954],[-42.507639,-2.721856],[-42.452992,-2.752211],[-42.418121,-2.731134],[-42.378407,-2.75628],[-42.264272,-2.759047],[-42.267405,-2.814223],[-42.238637,-2.804783],[-42.23941,-2.834161],[-42.205922,-2.799981],[-42.082387,-2.799981],[-42.082387,-2.827325],[-42.01594,-2.811293],[-41.943918,-2.83766],[-41.940419,-2.773696],[-42.010404,-2.727189],[-41.821265,-2.733567],[-41.856328,-2.840912],[-41.869971,-2.83409],[-41.856328,-2.899564],[-41.812533,-2.955116],[-41.842712,-3.034026],[-41.922552,-3.10844],[-41.949734,-3.176395],[-42.004485,-3.233136],[-42.11701,-3.269206],[-42.099905,-3.303157],[-42.216565,-3.433847],[-42.455362,-3.478237],[-42.500604,-3.451055],[-42.663178,-3.671714],[-42.665091,-3.786849],[-42.725164,-3.911234],[-42.837974,-4.02177],[-42.89102,-4.142486],[-42.990626,-4.240103],[-42.965718,-4.372549],[-42.897841,-4.403814],[-42.86296,-4.498692],[-42.897583,-4.61486],[-42.949285,-4.658527],[-42.929183,-4.731752],[-42.952463,-4.776556],[-42.856888,-4.923937],[-42.801645,-5.180924],[-42.849188,-5.340191],[-42.920036,-5.400807],[-43.048426,-5.596299],[-43.10186,-5.623326],[-43.082817,-5.712209],[-43.107906,-5.770965],[-43.089638,-5.876695],[-43.103488,-5.923876],[-43.059692,-6.018237],[-43.07597,-6.054824],[-42.96422,-6.187374],[-42.85004,-6.254088],[-42.85004,-6.329174],[-42.829577,-6.35248],[-42.857534,-6.37868],[-42.856888,-6.483118],[-42.926315,-6.68631],[-42.997008,-6.760982],[-43.13439,-6.780258],[-43.198443,-6.754574],[-43.280583,-6.797053],[-43.369208,-6.806509],[-43.421582,-6.844078],[-43.481397,-6.833484],[-43.558989,-6.751732],[-43.674796,-6.701038],[-43.809646,-6.705947],[-43.937933,-6.761602],[-43.973512,-6.740105],[-44.049218,-6.774832],[-44.062886,-6.829454],[-44.108258,-6.81948],[-44.093608,-6.85617],[-44.161614,-6.886659],[-44.207141,-6.975336],[-44.258094,-7.005825],[-44.297213,-7.103287],[-44.499604,-7.178786],[-44.617762,-7.309269],[-44.66918,-7.333092],[-44.696569,-7.39097],[-44.816406,-7.363891],[-44.908106,-7.444403],[-45.009495,-7.487605],[-45.27829,-7.549616],[-45.472413,-7.674157],[-45.495615,-7.714102],[-45.543209,-7.864171],[-45.543209,-8.007521],[-45.563699,-8.028037],[-45.577368,-8.151543],[-45.655141,-8.255568],[-45.659301,-8.309208],[-45.735006,-8.432715],[-45.750613,-8.560666],[-45.782807,-8.582938],[-45.766322,-8.605883],[-45.82066,-8.699365],[-45.928328,-8.788817],[-45.977576,-8.905038],[-45.905694,-9.179388],[-45.907218,-9.294781],[-45.805881,-9.408211],[-45.79645,-9.461179],[-45.837067,-9.533423],[-45.831228,-9.775269],[-45.858074,-9.831596],[-45.860244,-10.001095],[-45.900655,-10.023832],[-45.899493,-10.084345],[-45.954115,-10.179947],[-45.937061,-10.211366],[-45.946053,-10.317716],[-46.023154,-10.280199],[-46.087336,-10.208369],[-46.189139,-10.175813],[-46.292001,-10.187802],[-46.347553,-10.16956],[-46.467029,-10.013445],[-46.463696,-9.930143],[-46.495115,-9.868958],[-46.66942,-9.746485],[-46.664614,-9.683336],[-46.599915,-9.651814],[-46.533769,-9.55058],[-46.540978,-9.51053],[-46.752748,-9.410846],[-46.807189,-9.362271],[-46.841812,-9.177476],[-46.890285,-9.103888],[-46.945553,-9.068232],[-47.03963,-9.065441],[-47.083813,-9.026684],[-47.063918,-8.976816],[-46.9023,-8.826903],[-46.921885,-8.736831],[-46.827162,-8.46739],[-46.718461,-8.406618],[-46.490154,-8.390805],[-46.543071,-8.311999],[-46.510024,-8.283112],[-46.489146,-8.20167],[-46.504934,-8.166685],[-46.467882,-8.08085],[-46.487054,-7.971399],[-46.605729,-7.899052],[-46.870415,-7.959824],[-46.964596,-8.031602],[-47.02162,-8.039096],[-47.238661,-7.751206],[-47.278943,-7.734515],[-47.313463,-7.640774],[-47.345787,-7.65793],[-47.408315,-7.533493],[-47.466658,-7.529773],[-47.504588,-7.446729],[-47.591482,-7.445798],[-47.489008,-7.38141],[-47.485856,-7.302293],[-47.588382,-7.26829],[-47.644683,-7.308494],[-47.660419,-7.263484],[-47.741111,-7.193359],[-47.685766,-7.14623],[-47.639903,-7.158426],[-47.502728,-6.983398],[-47.482368,-6.888261],[-47.487639,-6.698351],[-47.449346,-6.543941],[-47.407152,-6.479397],[-47.410201,-6.349845],[-47.376973,-6.276567],[-47.37302,-6.233624],[-47.425549,-6.103813],[-47.413974,-5.869874],[-47.482858,-5.742957],[-47.468596,-5.588702],[-47.497147,-5.526587],[-47.53686,-5.478838],[-47.593549,-5.470105],[-47.723051,-5.391505],[-47.838521,-5.383237],[-47.864876,-5.280866],[-47.899784,-5.253064],[-47.999597,-5.232445],[-48.112484,-5.266242],[-48.337845,-5.163767],[-48.498094,-5.186505],[-48.543285,-5.217304],[-48.608914,-5.328667],[-48.621678,-5.307789],[-48.678315,-5.307531],[-48.743195,-5.352541],[-47.800669,-4.595843],[-47.660935,-4.608039],[-47.581354,-4.547061],[-47.452111,-4.332293],[-47.365062,-4.253849],[-47.310931,-4.06678],[-47.290467,-4.081043],[-47.078568,-3.876611],[-47.029734,-3.568774],[-46.968316,-3.525521],[-46.944623,-3.398242],[-46.878554,-3.338504],[-46.82432,-3.327549],[-46.756055,-3.224506],[-46.762877,-3.197221],[-46.723938,-3.17593],[-46.735566,-3.14942],[-46.700813,-3.14942],[-46.636993,-2.997336],[-46.645984,-2.892278],[-46.61888,-2.902975],[-46.617485,-2.873829],[-46.571079,-2.851454],[-46.666681,-2.738489],[-46.659369,-2.715855],[-46.612059,-2.655962],[-46.524106,-2.631415],[-46.490464,-2.550335],[-46.430649,-2.527081],[-46.433672,-2.411222],[-46.408893,-2.362284],[-46.45287,-2.374687],[-46.415223,-2.326369],[-46.427083,-2.245031],[-46.36719,-2.248338],[-46.280296,-2.140696],[-46.214176,-1.929133],[-46.20906,-1.822369],[-46.228025,-1.796583],[-46.303654,-1.802525],[-46.317219,-1.741392],[-46.226863,-1.716071],[-46.201154,-1.679277],[-46.203763,-1.611891],[-46.179165,-1.57334],[-46.201154,-1.484095],[-46.125422,-1.346274],[-46.166401,-1.302246],[-46.132243,-1.230829]]],[[[-44.480784,-2.70436],[-44.514882,-2.834161],[-44.480784,-2.793145],[-44.497304,-2.949314],[-44.538197,-2.969985],[-44.598012,-3.060154],[-44.563303,-2.919854],[-44.576324,-2.799981],[-44.547678,-2.744073],[-44.480784,-2.70436]]],[[[-42.041412,-2.70436],[-42.027821,-2.744806],[-42.085194,-2.758722],[-42.102895,-2.70436],[-42.186025,-2.676446],[-42.091379,-2.678399],[-42.041412,-2.70436]]],[[[-43.627309,-2.252048],[-43.599993,-2.283722],[-43.626299,-2.316304],[-43.634805,-2.399895],[-43.7329,-2.419875],[-43.736608,-2.334071],[-43.715403,-2.289239],[-43.627309,-2.252048]]],[[[-44.892242,-1.271905],[-44.885365,-1.32643],[-44.919545,-1.305922],[-44.898508,-1.332696],[-44.961171,-1.367446],[-44.963857,-1.390558],[-45.01891,-1.377699],[-45.021962,-1.323419],[-45.003285,-1.317478],[-44.995269,-1.353774],[-44.974355,-1.260349],[-44.892242,-1.271905]]],[[[-42.258436,-2.69621],[-42.149024,-2.735403],[-42.105776,-2.772749],[-42.249767,-2.736441],[-42.258436,-2.69621]]],[[[-43.838326,-2.507358],[-43.848708,-2.42398],[-43.823499,-2.40771],[-43.813622,-2.454573],[-43.775106,-2.428925],[-43.756834,-2.447669],[-43.770658,-2.496004],[-43.809175,-2.512778],[-43.838326,-2.507358]]],[[[-43.611692,-2.385001],[-43.542039,-2.371153],[-43.573656,-2.423468],[-43.611692,-2.385001]]]]}},{"type":"Feature","properties":{"country_code":"BR","region_code":"BR-PI","name":"Piauí","native_name":"Piauí","type":"State"},"geometry":{"type":"Polygon","coordinates":[[[-41.842844,-2.765313],[-41.808705,-2.744806],[-41.665061,-2.855907],[-41.698842,-2.862074],[-41.675038,-2.879571],[-41.516957,-2.906996],[-41.465443,-2.888767],[-41.451772,-2.943455],[-41.422109,-2.908787],[-41.335683,-2.922947],[-41.341908,-2.950291],[-41.248118,-3.012058],[-41.255538,-3.077073],[-41.426355,-3.319487],[-41.449377,-3.436792],[-41.35517,-3.709024],[-41.283934,-3.809586],[-41.229468,-4.044146],[-41.120508,-4.176902],[-41.07356,-4.326299],[-41.235746,-4.538431],[-41.244144,-4.615945],[-41.227375,-4.724776],[-41.181331,-4.812781],[-41.181331,-4.938458],[-41.122678,-5.007601],[-41.05984,-5.168831],[-41.070304,-5.307066],[-40.941785,-5.430728],[-40.87706,-5.963925],[-40.891064,-6.011157],[-40.793809,-6.28127],[-40.797582,-6.393718],[-40.772028,-6.49366],[-40.719421,-6.572518],[-40.718594,-6.65024],[-40.616456,-6.709048],[-40.468041,-6.739795],[-40.413884,-6.81793],[-40.581109,-7.195271],[-40.53429,-7.314385],[-40.537701,-7.390195],[-40.647565,-7.399186],[-40.689888,-7.429572],[-40.690043,-7.508947],[-40.620022,-7.645373],[-40.660458,-7.76025],[-40.545349,-7.832338],[-40.544109,-8.029432],[-40.590514,-8.124155],[-40.748928,-8.24544],[-40.829053,-8.36197],[-40.886,-8.348121],[-40.923207,-8.434162],[-41.024441,-8.424498],[-41.082216,-8.524492],[-41.158955,-8.549297],[-41.210916,-8.635028],[-41.370803,-8.711871],[-41.499968,-8.935475],[-41.557225,-8.97263],[-41.742511,-8.988598],[-41.733674,-9.138667],[-41.796306,-9.174375],[-41.85005,-9.252613],[-41.917126,-9.211582],[-42.042648,-9.20781],[-42.149592,-9.295091],[-42.318884,-9.311938],[-42.365186,-9.375603],[-42.431616,-9.409038],[-42.486238,-9.498955],[-42.584269,-9.488671],[-42.622406,-9.565772],[-42.723743,-9.523501],[-42.85048,-9.548874],[-42.935126,-9.511874],[-42.936857,-9.450482],[-43.0222,-9.437925],[-43.039254,-9.397256],[-43.113461,-9.374311],[-43.166559,-9.388316],[-43.185059,-9.418805],[-43.293269,-9.40573],[-43.362386,-9.427848],[-43.405562,-9.343099],[-43.456593,-9.303049],[-43.517442,-9.359842],[-43.62604,-9.341032],[-43.695751,-9.446038],[-43.821118,-9.432499],[-43.830006,-9.500505],[-43.779467,-9.568098],[-43.733759,-9.737338],[-43.687974,-9.78147],[-43.679318,-9.851233],[-43.712494,-9.94239],[-43.706991,-10.050291],[-43.918787,-10.436055],[-43.983175,-10.447011],[-44.118981,-10.588966],[-44.217347,-10.629583],[-44.406509,-10.589431],[-44.542986,-10.631495],[-44.651171,-10.738466],[-44.742767,-10.771849],[-44.803074,-10.872101],[-44.945959,-10.863109],[-45.066675,-10.893598],[-45.327641,-10.773709],[-45.441691,-10.614132],[-45.482696,-10.464012],[-45.603387,-10.331565],[-45.946053,-10.317716],[-45.937061,-10.211366],[-45.954115,-10.179947],[-45.899493,-10.084345],[-45.900655,-10.023832],[-45.860244,-10.001095],[-45.858074,-9.831596],[-45.831228,-9.775269],[-45.837067,-9.533423],[-45.79645,-9.461179],[-45.805881,-9.408211],[-45.907218,-9.294781],[-45.905694,-9.179388],[-45.981426,-8.929584],[-45.967809,-8.877442],[-45.928328,-8.788817],[-45.82066,-8.699365],[-45.766322,-8.605883],[-45.782807,-8.582938],[-45.750613,-8.560666],[-45.735006,-8.432715],[-45.659301,-8.309208],[-45.655141,-8.255568],[-45.577368,-8.151543],[-45.563699,-8.028037],[-45.543209,-8.007521],[-45.543209,-7.864171],[-45.495615,-7.714102],[-45.435748,-7.646458],[-45.27829,-7.549616],[-44.908106,-7.444403],[-44.816406,-7.363891],[-44.696569,-7.39097],[-44.66918,-7.333092],[-44.617762,-7.309269],[-44.499604,-7.178786],[-44.297213,-7.103287],[-44.258094,-7.005825],[-44.207141,-6.975336],[-44.161614,-6.886659],[-44.093608,-6.85617],[-44.108258,-6.81948],[-44.062886,-6.829454],[-44.049218,-6.774832],[-43.973512,-6.740105],[-43.937933,-6.761602],[-43.809646,-6.705947],[-43.674796,-6.701038],[-43.558989,-6.751732],[-43.481397,-6.833484],[-43.421582,-6.844078],[-43.369208,-6.806509],[-43.280583,-6.797053],[-43.198443,-6.754574],[-43.13439,-6.780258],[-42.997008,-6.760982],[-42.926315,-6.68631],[-42.856888,-6.483118],[-42.857534,-6.37868],[-42.829577,-6.35248],[-42.85004,-6.329174],[-42.85004,-6.254088],[-42.96422,-6.187374],[-43.07597,-6.054824],[-43.059692,-6.018237],[-43.103488,-5.923876],[-43.089638,-5.876695],[-43.107906,-5.770965],[-43.082817,-5.712209],[-43.10186,-5.623326],[-43.048426,-5.596299],[-42.920036,-5.400807],[-42.849188,-5.340191],[-42.801645,-5.180924],[-42.856888,-4.923937],[-42.952463,-4.776556],[-42.929183,-4.731752],[-42.949285,-4.658527],[-42.897583,-4.61486],[-42.86296,-4.498692],[-42.897841,-4.403814],[-42.965718,-4.372549],[-42.990626,-4.240103],[-42.89102,-4.142486],[-42.837974,-4.02177],[-42.725164,-3.911234],[-42.665091,-3.786849],[-42.663178,-3.671714],[-42.500604,-3.451055],[-42.455362,-3.478237],[-42.216565,-3.433847],[-42.099905,-3.303157],[-42.11701,-3.269206],[-42.004485,-3.233136],[-41.949734,-3.176395],[-41.922552,-3.10844],[-41.842712,-3.034026],[-41.812533,-2.955116],[-41.867852,-2.853624],[-41.842844,-2.765313]]]}},{"type":"Feature","properties":{"country_code":"BR","region_code":"BR-CE","name":"Ceará","native_name":"Ceará","type":"State"},"geometry":{"type":"Polygon","coordinates":[[[-41.255538,-3.077073],[-41.264027,-2.928399],[-41.315256,-2.903009],[-41.256907,-2.875177],[-41.137766,-2.885837],[-41.082509,-2.916681],[-41.103017,-2.875177],[-40.848988,-2.859308],[-40.828603,-2.882501],[-40.752919,-2.840997],[-40.581614,-2.827325],[-40.499623,-2.78631],[-40.188059,-2.820489],[-40.143422,-2.848403],[-40.12092,-2.828383],[-39.985707,-2.848403],[-39.860911,-2.915704],[-39.731842,-3.032159],[-39.704579,-3.039646],[-39.697906,-3.017185],[-39.618886,-3.039646],[-39.485463,-3.145766],[-39.272572,-3.232029],[-39.080556,-3.377048],[-38.985178,-3.395929],[-38.916331,-3.50506],[-38.807485,-3.547296],[-38.659657,-3.676446],[-38.526194,-3.718032],[-38.494374,-3.721287],[-38.477406,-3.697442],[-38.378041,-3.869724],[-38.251332,-3.961847],[-38.029612,-4.2374],[-37.854237,-4.375909],[-37.768625,-4.396417],[-37.710805,-4.515395],[-37.649403,-4.57879],[-37.564361,-4.62949],[-37.488026,-4.629978],[-37.324818,-4.696466],[-37.274403,-4.742364],[-37.236392,-4.82989],[-37.583101,-4.949723],[-37.721258,-5.062895],[-37.915225,-5.46349],[-38.047543,-5.614024],[-38.082063,-5.705026],[-38.077954,-5.76063],[-38.13901,-5.89473],[-38.299698,-6.074151],[-38.367782,-6.093323],[-38.425013,-6.062162],[-38.456743,-6.082678],[-38.580172,-6.261685],[-38.606708,-6.396715],[-38.525757,-6.381626],[-38.530666,-6.409014],[-38.578983,-6.479087],[-38.64562,-6.675406],[-38.61849,-6.768165],[-38.66071,-6.84723],[-38.727501,-6.890277],[-38.744038,-6.96867],[-38.681587,-7.03895],[-38.676523,-7.157496],[-38.601153,-7.223538],[-38.549373,-7.235734],[-38.533456,-7.322137],[-38.584668,-7.425955],[-38.631538,-7.457581],[-38.629988,-7.5183],[-38.700785,-7.591526],[-38.697141,-7.620206],[-38.753107,-7.65917],[-38.818839,-7.666095],[-38.839898,-7.716066],[-38.868526,-7.706868],[-38.968029,-7.847944],[-38.998157,-7.821073],[-39.073475,-7.853991],[-39.115126,-7.745057],[-39.263128,-7.670178],[-39.345319,-7.551115],[-39.529365,-7.478251],[-39.654241,-7.373348],[-39.929469,-7.35614],[-40.150877,-7.417945],[-40.273454,-7.391952],[-40.537701,-7.390195],[-40.53429,-7.314385],[-40.581109,-7.195271],[-40.413884,-6.81793],[-40.468041,-6.739795],[-40.616456,-6.709048],[-40.710042,-6.661247],[-40.719421,-6.572518],[-40.782105,-6.467512],[-40.793809,-6.28127],[-40.891064,-6.011157],[-40.87706,-5.963925],[-40.941785,-5.430728],[-41.070304,-5.307066],[-41.05984,-5.168831],[-41.122678,-5.007601],[-41.181331,-4.938458],[-41.181331,-4.812781],[-41.227375,-4.724776],[-41.244144,-4.615945],[-41.225282,-4.517502],[-41.07356,-4.326299],[-41.087021,-4.257776],[-41.120508,-4.176902],[-41.229468,-4.044146],[-41.283934,-3.809586],[-41.35517,-3.709024],[-41.449377,-3.436792],[-41.426355,-3.319487],[-41.255538,-3.077073]]]}},{"type":"Feature","properties":{"country_code":"BR","region_code":"BR-RN","name":"Rio Grande do Norte","native_name":"Rio Grande do Norte","type":"State"},"geometry":{"type":"MultiPolygon","coordinates":[[[[-37.236392,-4.82989],[-37.182932,-4.910903],[-37.134918,-4.93141],[-36.898752,-4.938246],[-36.790883,-5.051202],[-36.544423,-5.127618],[-36.52538,-5.105564],[-36.579986,-5.080987],[-36.281361,-5.104587],[-36.257232,-5.09588],[-36.291982,-5.089044],[-36.131215,-5.09588],[-35.997182,-5.04754],[-35.510569,-5.143731],[-35.390045,-5.244561],[-35.348622,-5.355645],[-35.262278,-5.483331],[-35.145334,-5.932061],[-35.105051,-5.995538],[-35.092844,-6.185805],[-35.120717,-6.164727],[-35.150868,-6.215997],[-35.095937,-6.192071],[-35.041249,-6.230239],[-34.963285,-6.503335],[-35.047829,-6.536035],[-35.256886,-6.506321],[-35.306031,-6.528438],[-35.466383,-6.464411],[-35.657146,-6.425551],[-35.96258,-6.461931],[-36.252019,-6.413665],[-36.291707,-6.305455],[-36.383484,-6.302819],[-36.507844,-6.405914],[-36.510867,-6.498776],[-36.442757,-6.6228],[-36.461929,-6.635874],[-36.514432,-6.612981],[-36.534974,-6.638303],[-36.536782,-6.712872],[-36.501513,-6.783203],[-36.536912,-6.878753],[-36.575204,-6.926709],[-36.652744,-6.926915],[-36.721758,-6.977817],[-36.771368,-6.930894],[-36.742635,-6.824493],[-36.805009,-6.760827],[-36.942882,-6.749148],[-36.996884,-6.709151],[-37.054606,-6.759897],[-37.231029,-6.822632],[-37.296013,-6.714887],[-37.521425,-6.670859],[-37.507007,-6.553708],[-37.430242,-6.517948],[-37.382002,-6.364107],[-37.175426,-6.116836],[-37.177725,-6.052498],[-37.217232,-6.02604],[-37.260666,-6.0248],[-37.408383,-6.094821],[-37.542845,-6.095493],[-37.749602,-6.169029],[-37.787791,-6.285611],[-37.820296,-6.289073],[-37.844119,-6.341008],[-38.003205,-6.43325],[-38.0231,-6.476452],[-38.063614,-6.443637],[-38.130251,-6.519757],[-38.240968,-6.484048],[-38.287761,-6.50384],[-38.483589,-6.397645],[-38.496921,-6.347364],[-38.549295,-6.397335],[-38.606708,-6.396715],[-38.580172,-6.261685],[-38.456743,-6.082678],[-38.425013,-6.062162],[-38.367782,-6.093323],[-38.299698,-6.074151],[-38.127926,-5.879021],[-38.047543,-5.614024],[-37.915225,-5.46349],[-37.721258,-5.062895],[-37.583101,-4.949723],[-37.236392,-4.82989]]],[[[-32.462799,-3.878351],[-32.386586,-3.841241],[-32.399729,-3.861993],[-32.462799,-3.878351]]],[[[-29.40803,0.884833],[-29.356191,0.882758],[-29.349029,0.852607],[-29.410268,0.834866],[-29.426381,0.858547],[-29.40803,0.884833]]]]}},{"type":"Feature","properties":{"country_code":"BR","region_code":"BR-PB","name":"Paraíba","native_name":"Paraíba","type":"State"},"geometry":{"type":"Polygon","coordinates":[[[-34.963285,-6.503335],[-34.96996,-6.617283],[-34.93517,-6.705987],[-34.942738,-6.766209],[-34.904164,-6.887302],[-34.860097,-6.914646],[-34.894195,-7.082778],[-34.921498,-7.082778],[-34.914662,-7.130548],[-34.859364,-7.071466],[-34.839589,-6.972914],[-34.827952,-7.13006],[-34.793609,-7.176202],[-34.819163,-7.548272],[-34.978402,-7.510911],[-35.042274,-7.424249],[-35.106792,-7.395827],[-35.26996,-7.381048],[-35.38476,-7.464144],[-35.492247,-7.453705],[-35.556015,-7.653899],[-35.66991,-7.712552],[-35.855687,-7.757097],[-35.891886,-7.72945],[-35.899534,-7.758648],[-35.860855,-7.795493],[-35.914702,-7.804019],[-35.929145,-7.840245],[-35.978522,-7.815182],[-36.06769,-7.830426],[-36.080505,-7.784176],[-36.106369,-7.774771],[-36.167683,-7.822778],[-36.198586,-7.821486],[-36.216595,-7.781592],[-36.26605,-7.824897],[-36.415756,-7.821021],[-36.413147,-7.874868],[-36.44746,-7.909336],[-36.568512,-7.924581],[-36.57616,-7.953519],[-36.620343,-7.961529],[-36.653235,-7.998995],[-36.628637,-8.076819],[-36.651737,-8.115318],[-36.774701,-8.219653],[-36.86206,-8.2319],[-36.949729,-8.282285],[-37.070187,-8.226784],[-37.123542,-8.173506],[-37.150182,-7.977962],[-37.214467,-7.959566],[-37.320611,-8.001733],[-37.347172,-7.991708],[-37.228626,-7.818902],[-37.168268,-7.774926],[-37.21426,-7.646768],[-37.196975,-7.573077],[-36.993059,-7.483109],[-37.022773,-7.394432],[-37.070342,-7.388696],[-37.254387,-7.26984],[-37.352598,-7.300174],[-37.393293,-7.358517],[-37.476751,-7.363736],[-37.547883,-7.475151],[-37.707434,-7.54879],[-37.790969,-7.637156],[-37.875073,-7.665372],[-37.961321,-7.768414],[-38.06395,-7.758958],[-38.080745,-7.821331],[-38.145728,-7.768414],[-38.186785,-7.822416],[-38.227351,-7.810944],[-38.249158,-7.849391],[-38.295357,-7.836059],[-38.306984,-7.758337],[-38.353958,-7.699685],[-38.411733,-7.750276],[-38.444754,-7.732551],[-38.525627,-7.767691],[-38.5818,-7.747796],[-38.589835,-7.692088],[-38.63637,-7.685784],[-38.658539,-7.622015],[-38.706727,-7.605944],[-38.638256,-7.533493],[-38.631538,-7.457581],[-38.584668,-7.425955],[-38.530743,-7.30653],[-38.549373,-7.235734],[-38.601153,-7.223538],[-38.676523,-7.157496],[-38.674817,-7.059724],[-38.739258,-6.989289],[-38.74024,-6.914048],[-38.66071,-6.84723],[-38.622702,-6.779017],[-38.64562,-6.675406],[-38.578983,-6.479087],[-38.50537,-6.349741],[-38.483589,-6.397645],[-38.287761,-6.50384],[-38.240968,-6.484048],[-38.130251,-6.519757],[-38.063614,-6.443637],[-38.0231,-6.476452],[-38.003205,-6.43325],[-37.844119,-6.341008],[-37.820296,-6.289073],[-37.787791,-6.285611],[-37.749602,-6.169029],[-37.542845,-6.095493],[-37.408383,-6.094821],[-37.260666,-6.0248],[-37.217232,-6.02604],[-37.177725,-6.052498],[-37.175426,-6.116836],[-37.382002,-6.364107],[-37.430242,-6.517948],[-37.507007,-6.553708],[-37.521425,-6.670859],[-37.296013,-6.714887],[-37.231029,-6.822632],[-37.054606,-6.759897],[-36.996884,-6.709151],[-36.942882,-6.749148],[-36.805009,-6.760827],[-36.742635,-6.824493],[-36.771368,-6.930894],[-36.721758,-6.977817],[-36.652744,-6.926915],[-36.575204,-6.926709],[-36.536912,-6.878753],[-36.501513,-6.783203],[-36.536782,-6.712872],[-36.534974,-6.638303],[-36.514432,-6.612981],[-36.461929,-6.635874],[-36.442757,-6.6228],[-36.510867,-6.498776],[-36.507844,-6.405914],[-36.383484,-6.302819],[-36.291707,-6.305455],[-36.252019,-6.413665],[-35.96258,-6.461931],[-35.657146,-6.425551],[-35.466383,-6.464411],[-35.306031,-6.528438],[-35.256886,-6.506321],[-35.047829,-6.536035],[-34.963285,-6.503335]]]}},{"type":"Feature","properties":{"country_code":"BR","region_code":"BR-PE","name":"Pernambuco","native_name":"Pernambuco","type":"State"},"geometry":{"type":"MultiPolygon","coordinates":[[[[-34.893381,-7.542901],[-34.928944,-7.555759],[-34.835386,-7.562727],[-34.805304,-7.622716],[-34.830304,-7.680888],[-34.873769,-7.617771],[-34.864368,-7.70523],[-34.907216,-7.733819],[-34.865876,-7.71754],[-34.892096,-7.762618],[-34.893525,-7.804927],[-34.848038,-7.822838],[-34.845815,-7.884698],[-34.832753,-7.857354],[-34.811635,-7.93255],[-34.851186,-8.068617],[-34.928944,-8.034926],[-34.887359,-8.103774],[-34.880605,-8.089532],[-34.938873,-8.272068],[-34.938588,-8.347101],[-35.127349,-8.806248],[-35.148339,-8.91357],[-35.391994,-8.883643],[-35.487596,-8.832587],[-35.721587,-8.920282],[-35.78626,-8.899456],[-35.801143,-8.870208],[-35.971856,-8.907363],[-36.014179,-8.894496],[-36.120735,-8.969581],[-36.121846,-9.015005],[-36.237395,-9.086629],[-36.264525,-9.141974],[-36.34576,-9.20104],[-36.451284,-9.212461],[-36.590216,-9.297003],[-36.854308,-9.265687],[-36.954509,-9.350643],[-37.024117,-9.292301],[-37.181575,-9.241761],[-37.39257,-9.042549],[-37.482177,-8.998055],[-37.5191,-8.943743],[-37.671364,-8.984568],[-37.757871,-8.859201],[-37.807945,-8.89403],[-37.820683,-8.991802],[-37.968168,-9.142491],[-38.101777,-9.192669],[-38.152627,-9.266824],[-38.235196,-9.330374],[-38.314064,-9.131587],[-38.287399,-9.013455],[-38.320524,-8.987668],[-38.409665,-9.034022],[-38.481212,-9.000329],[-38.512062,-8.946637],[-38.471858,-8.89124],[-38.484751,-8.836773],[-38.56392,-8.829228],[-38.589603,-8.85858],[-38.60831,-8.970667],[-38.644612,-8.976919],[-38.706107,-8.841217],[-38.797368,-8.785665],[-38.855297,-8.768508],[-38.967668,-8.789386],[-39.028697,-8.733213],[-39.221218,-8.677351],[-39.287984,-8.560562],[-39.382216,-8.528626],[-39.605432,-8.641798],[-39.680182,-8.649704],[-39.689975,-8.782409],[-39.882961,-8.817859],[-39.889239,-8.959194],[-39.968511,-9.042859],[-40.113928,-9.103372],[-40.211493,-9.063322],[-40.249837,-9.070919],[-40.334742,-9.36072],[-40.424426,-9.364131],[-40.450084,-9.395499],[-40.528218,-9.418288],[-40.553566,-9.464125],[-40.633251,-9.487896],[-40.718594,-9.447537],[-40.758256,-9.453066],[-40.690172,-9.344339],[-40.703556,-9.221917],[-40.853134,-9.151792],[-40.857475,-9.082546],[-40.895199,-9.024772],[-40.898609,-8.844473],[-40.970646,-8.827058],[-40.997027,-8.774865],[-41.089786,-8.784942],[-41.121826,-8.712853],[-41.296854,-8.738071],[-41.370803,-8.711871],[-41.210916,-8.635028],[-41.158955,-8.549297],[-41.082216,-8.524492],[-41.024441,-8.424498],[-40.917678,-8.431785],[-40.886,-8.348121],[-40.829053,-8.36197],[-40.748928,-8.24544],[-40.576743,-8.102813],[-40.544109,-8.029432],[-40.531319,-7.905409],[-40.551783,-7.824845],[-40.660458,-7.76025],[-40.620926,-7.637983],[-40.695004,-7.479853],[-40.686917,-7.421614],[-40.647565,-7.399186],[-40.273454,-7.391952],[-40.150877,-7.417945],[-39.929469,-7.35614],[-39.654241,-7.373348],[-39.529365,-7.478251],[-39.345319,-7.551115],[-39.263128,-7.670178],[-39.115126,-7.745057],[-39.073475,-7.853991],[-38.998157,-7.821073],[-38.968029,-7.847944],[-38.868526,-7.706868],[-38.839898,-7.716066],[-38.818839,-7.666095],[-38.753107,-7.65917],[-38.697141,-7.620206],[-38.658539,-7.622015],[-38.641305,-7.680823],[-38.586916,-7.696739],[-38.5818,-7.747796],[-38.525627,-7.767691],[-38.444754,-7.732551],[-38.411733,-7.750276],[-38.341763,-7.703095],[-38.298251,-7.783866],[-38.301868,-7.829393],[-38.255308,-7.84965],[-38.227351,-7.810944],[-38.179912,-7.818851],[-38.145728,-7.768414],[-38.080745,-7.821331],[-38.058292,-7.755754],[-37.961321,-7.768414],[-37.875073,-7.665372],[-37.790969,-7.637156],[-37.707434,-7.54879],[-37.547883,-7.475151],[-37.476751,-7.363736],[-37.393293,-7.358517],[-37.352598,-7.300174],[-37.254387,-7.26984],[-37.070342,-7.388696],[-37.022773,-7.394432],[-36.993059,-7.483109],[-37.196975,-7.573077],[-37.21426,-7.646768],[-37.168268,-7.774926],[-37.228626,-7.818902],[-37.347172,-7.991708],[-37.320611,-8.001733],[-37.214467,-7.959566],[-37.150182,-7.977962],[-37.123542,-8.173506],[-36.9627,-8.283525],[-36.76744,-8.214227],[-36.631634,-8.090927],[-36.658868,-8.012896],[-36.625537,-7.965663],[-36.57616,-7.953519],[-36.568512,-7.924581],[-36.44746,-7.909336],[-36.413147,-7.874868],[-36.415756,-7.821021],[-36.26605,-7.824897],[-36.216595,-7.781592],[-36.198586,-7.821486],[-36.167683,-7.822778],[-36.106369,-7.774771],[-36.080505,-7.784176],[-36.06769,-7.830426],[-35.978522,-7.815182],[-35.929145,-7.840245],[-35.914702,-7.804019],[-35.860855,-7.795493],[-35.899534,-7.758648],[-35.891886,-7.72945],[-35.855687,-7.757097],[-35.66991,-7.712552],[-35.556015,-7.653899],[-35.492247,-7.453705],[-35.38476,-7.464144],[-35.26996,-7.381048],[-35.106792,-7.395827],[-35.042274,-7.424249],[-34.984216,-7.50719],[-34.893381,-7.542901]]],[[[-34.85275,-7.697379],[-34.822331,-7.738797],[-34.845373,-7.813504],[-34.884229,-7.804026],[-34.85275,-7.697379]]]]}},{"type":"Feature","properties":{"country_code":"BR","region_code":"BR-AL","name":"Alagoas","native_name":"Alagoas","type":"State"},"geometry":{"type":"Polygon","coordinates":[[[-35.148339,-8.91357],[-35.305084,-9.193048],[-35.392161,-9.305759],[-35.482045,-9.367852],[-35.58259,-9.532892],[-35.657541,-9.577081],[-35.696156,-9.672947],[-35.778066,-9.700128],[-35.746246,-9.641778],[-35.799916,-9.584731],[-35.794911,-9.679132],[-35.858144,-9.734552],[-35.905426,-9.62477],[-35.941884,-9.599786],[-35.963043,-9.610772],[-35.908437,-9.659275],[-35.873647,-9.755466],[-35.798573,-9.720636],[-35.810618,-9.744806],[-35.949371,-9.913181],[-36.036285,-10.064142],[-36.280507,-10.279962],[-36.291982,-10.351983],[-36.40807,-10.50213],[-36.454462,-10.41063],[-36.566238,-10.410527],[-36.563447,-10.331772],[-36.620395,-10.253637],[-36.678531,-10.276168],[-36.72504,-10.258443],[-36.823897,-10.213847],[-36.866917,-10.149148],[-36.931203,-10.11871],[-36.942339,-10.014841],[-36.982983,-9.966678],[-37.041945,-9.976032],[-37.144988,-9.900636],[-37.215113,-9.896605],[-37.29702,-9.804673],[-37.35836,-9.772788],[-37.566125,-9.727468],[-37.7002,-9.638688],[-37.792675,-9.638688],[-37.895433,-9.556006],[-37.985092,-9.536317],[-38.021214,-9.472755],[-38.189911,-9.41958],[-38.235196,-9.330374],[-38.152627,-9.266824],[-38.101777,-9.192669],[-37.968168,-9.142491],[-37.820683,-8.991802],[-37.807945,-8.89403],[-37.757871,-8.859201],[-37.671364,-8.984568],[-37.5191,-8.943743],[-37.482177,-8.998055],[-37.39257,-9.042549],[-37.181575,-9.241761],[-37.024117,-9.292301],[-36.938541,-9.355811],[-36.877924,-9.27101],[-36.590216,-9.297003],[-36.451284,-9.212461],[-36.34576,-9.20104],[-36.264525,-9.141974],[-36.237395,-9.086629],[-36.121846,-9.015005],[-36.120735,-8.969581],[-36.005833,-8.892325],[-35.971856,-8.907363],[-35.801143,-8.870208],[-35.78626,-8.899456],[-35.721587,-8.920282],[-35.487596,-8.832587],[-35.391994,-8.883643],[-35.148339,-8.91357]]]}},{"type":"Feature","properties":{"country_code":"BR","region_code":"BR-SE","name":"Sergipe","native_name":"Sergipe","type":"State"},"geometry":{"type":"Polygon","coordinates":[[[-36.40807,-10.50213],[-36.576568,-10.55047],[-36.903066,-10.772882],[-37.039662,-10.949151],[-37.050445,-10.999607],[-37.138295,-11.125909],[-37.162221,-11.071384],[-37.175689,-11.085707],[-37.200063,-11.04339],[-37.275136,-11.022719],[-37.258412,-11.071384],[-37.19636,-11.091729],[-37.216786,-11.106134],[-37.165639,-11.108819],[-37.149159,-11.187433],[-37.264638,-11.277439],[-37.330068,-11.420668],[-37.388092,-11.426935],[-37.402455,-11.399672],[-37.358306,-11.315851],[-37.272084,-11.249444],[-37.299387,-11.194757],[-37.305572,-11.242608],[-37.344106,-11.184259],[-37.319203,-11.269952],[-37.347157,-11.249444],[-37.336293,-11.290134],[-37.37975,-11.317153],[-37.415395,-11.406427],[-37.443349,-11.351251],[-37.451772,-11.370538],[-37.470082,-11.358657],[-37.453725,-11.403578],[-37.395579,-11.437433],[-37.431386,-11.492852],[-37.543284,-11.539089],[-37.63408,-11.521622],[-37.671442,-11.568596],[-37.795905,-11.523741],[-37.849183,-11.440852],[-37.998269,-11.376618],[-37.986642,-11.219315],[-38.062865,-11.16738],[-38.109425,-11.02806],[-38.17676,-10.980001],[-38.243603,-10.872153],[-38.191152,-10.715935],[-38.087256,-10.71056],[-37.996254,-10.759911],[-37.815671,-10.677901],[-37.782365,-10.627568],[-37.824016,-10.570104],[-37.814663,-10.487112],[-37.83616,-10.422929],[-37.783916,-10.305004],[-37.77526,-10.099435],[-37.898973,-9.950142],[-37.902022,-9.911953],[-37.963905,-9.873557],[-38.025089,-9.74757],[-37.99243,-9.648196],[-38.044882,-9.616829],[-38.015607,-9.541433],[-37.997107,-9.526808],[-37.895433,-9.556006],[-37.792675,-9.638688],[-37.676299,-9.646129],[-37.544369,-9.735219],[-37.46993,-9.734909],[-37.35836,-9.772788],[-37.29702,-9.804673],[-37.215113,-9.896605],[-37.144988,-9.900636],[-37.041945,-9.976032],[-36.982983,-9.966678],[-36.942339,-10.014841],[-36.931203,-10.11871],[-36.866917,-10.149148],[-36.823897,-10.213847],[-36.72504,-10.258443],[-36.678531,-10.276168],[-36.620395,-10.253637],[-36.563447,-10.331772],[-36.566238,-10.410527],[-36.454462,-10.41063],[-36.40807,-10.50213]]]}},{"type":"Feature","properties":{"country_code":"BR","region_code":"BR-BA","name":"Bahia","native_name":"Bahia","type":"State"},"geometry":{"type":"MultiPolygon","coordinates":[[[[-37.572792,-11.540277],[-37.415395,-11.503188],[-37.360829,-11.454848],[-37.434722,-11.569268],[-37.654652,-12.049737],[-37.78671,-12.264634],[-38.050893,-12.641046],[-38.320424,-12.935235],[-38.532704,-13.016534],[-38.507924,-12.931817],[-38.486195,-12.915948],[-38.477406,-12.935235],[-38.508901,-12.722914],[-38.62621,-12.702407],[-38.64859,-12.63836],[-38.694569,-12.614028],[-38.690989,-12.571466],[-38.750966,-12.712823],[-38.738149,-12.736586],[-38.80663,-12.835138],[-38.864003,-12.795099],[-38.882721,-12.722101],[-38.848012,-12.674493],[-38.861684,-12.654067],[-38.923695,-12.736586],[-38.853993,-12.851251],[-38.724477,-12.873224],[-38.786855,-13.008071],[-38.895009,-13.080987],[-38.88976,-13.118422],[-38.806996,-13.143813],[-38.947621,-13.246759],[-38.970855,-13.325616],[-38.954579,-13.372491],[-39.039784,-13.366632],[-39.039784,-13.332452],[-39.086008,-13.514093],[-39.084218,-13.57879],[-39.115549,-13.599379],[-39.077382,-13.59002],[-39.059682,-13.494806],[-39.01183,-13.497003],[-38.967844,-13.674005],[-38.992014,-13.733087],[-38.97997,-13.83587],[-39.029897,-13.815362],[-39.091624,-13.71266],[-39.132558,-13.709242],[-39.148752,-13.736912],[-39.115549,-13.723565],[-39.115549,-13.757582],[-38.994456,-13.863458],[-39.008778,-13.880548],[-39.067128,-13.867446],[-39.074534,-13.89422],[-39.06371,-13.935805],[-38.996693,-13.98561],[-38.979563,-14.06113],[-39.071034,-14.076349],[-39.074534,-14.140558],[-39.039784,-14.175388],[-39.063385,-14.109959],[-38.957265,-14.066095],[-38.971425,-13.986261],[-38.95287,-13.962579],[-38.98998,-13.930841],[-38.963857,-13.897068],[-38.929921,-13.897638],[-38.923695,-14.004083],[-38.989247,-14.212335],[-38.985178,-14.312595],[-39.067128,-14.674981],[-39.033599,-14.79225],[-39.054067,-14.812188],[-39.022694,-14.815851],[-39.00182,-15.232029],[-38.923899,-15.71559],[-38.861684,-15.854262],[-38.944203,-16.066583],[-38.957265,-16.183282],[-39.00536,-16.275079],[-39.006907,-16.359308],[-39.054067,-16.436456],[-39.135976,-16.800226],[-39.121571,-16.892022],[-39.208608,-17.162205],[-39.217356,-17.295099],[-39.188385,-17.578383],[-39.137115,-17.67962],[-39.275054,-17.866876],[-39.417836,-17.920994],[-39.499094,-18.005629],[-39.624989,-18.192641],[-39.672609,-18.32322],[-40.184493,-18.00934],[-40.229348,-17.917356],[-40.186973,-17.837412],[-40.207049,-17.76584],[-40.375902,-17.630396],[-40.406675,-17.562494],[-40.487859,-17.55407],[-40.48189,-17.442759],[-40.497626,-17.418833],[-40.53845,-17.418833],[-40.517005,-17.364263],[-40.557235,-17.372169],[-40.582608,-17.41072],[-40.609557,-17.391651],[-40.60103,-17.301683],[-40.563229,-17.261788],[-40.573823,-17.12159],[-40.520751,-16.920931],[-40.475638,-16.868789],[-40.309369,-16.88176],[-40.246866,-16.839695],[-40.283065,-16.749107],[-40.265728,-16.5809],[-40.196068,-16.544571],[-40.137441,-16.544261],[-40.133281,-16.502197],[-40.057188,-16.394968],[-39.94058,-16.313216],[-39.909161,-16.201181],[-39.861282,-16.135604],[-39.93505,-16.00109],[-40.00471,-15.993804],[-40.102715,-15.906884],[-40.170152,-15.896652],[-40.224723,-15.820068],[-40.354095,-15.820378],[-40.474759,-15.774231],[-40.544806,-15.79857],[-40.65095,-15.71873],[-40.750065,-15.742501],[-40.813111,-15.687156],[-40.892098,-15.696458],[-40.944911,-15.673513],[-41.140016,-15.778571],[-41.322459,-15.742036],[-41.360596,-15.49523],[-41.801422,-15.10962],[-41.944695,-15.172769],[-42.087296,-15.18176],[-42.165586,-15.10838],[-42.285579,-15.098923],[-42.569231,-14.933972],[-42.648632,-14.932318],[-42.953006,-14.679465],[-43.159608,-14.63492],[-43.281539,-14.652955],[-43.385848,-14.701221],[-43.442537,-14.774963],[-43.49243,-14.788554],[-43.835019,-14.690628],[-43.866516,-14.659622],[-43.882768,-14.561695],[-43.794117,-14.341036],[-44.002141,-14.273444],[-44.167764,-14.269568],[-44.217967,-14.238924],[-44.24303,-14.257631],[-44.325273,-14.247192],[-44.654013,-14.397932],[-44.836302,-14.51901],[-44.881725,-14.598333],[-45.102099,-14.71905],[-45.218526,-14.736826],[-45.320458,-14.855837],[-45.442854,-14.932422],[-45.558273,-14.938778],[-45.679144,-15.093807],[-45.747073,-15.144243],[-45.925899,-15.126983],[-45.969101,-15.188427],[-46.082608,-15.238398],[-45.974785,-14.998206],[-46.022999,-14.868808],[-45.915021,-14.709024],[-45.966,-14.513687],[-45.920473,-14.350752],[-46.003931,-14.306207],[-46.058243,-14.230552],[-46.125629,-14.188901],[-46.223039,-13.99775],[-46.259651,-13.868559],[-46.272441,-13.656892],[-46.214099,-13.465121],[-46.186555,-13.404815],[-46.088887,-13.341563],[-46.073668,-13.294899],[-46.083151,-13.251594],[-46.179269,-13.210925],[-46.161595,-13.047162],[-46.061653,-12.952542],[-46.242624,-12.779013],[-46.234046,-12.712195],[-46.157151,-12.594993],[-46.160226,-12.500012],[-46.31032,-12.430817],[-46.345228,-12.342037],[-46.330991,-12.099261],[-46.069947,-11.914931],[-46.157074,-11.83566],[-46.260737,-11.841241],[-46.272131,-11.753959],[-46.116275,-11.675256],[-46.083926,-11.609524],[-46.190793,-11.544825],[-46.450234,-11.489583],[-46.491446,-11.414342],[-46.561158,-11.36313],[-46.562191,-11.289905],[-46.463748,-11.179266],[-46.370291,-10.969769],[-46.231875,-10.898456],[-46.274198,-10.808384],[-46.307556,-10.790866],[-46.30244,-10.758258],[-46.088809,-10.58571],[-45.843114,-10.457863],[-45.757692,-10.33079],[-45.580856,-10.348154],[-45.482696,-10.464012],[-45.441691,-10.614132],[-45.327641,-10.773709],[-45.058304,-10.895665],[-44.945959,-10.863109],[-44.803074,-10.872101],[-44.742767,-10.771849],[-44.651171,-10.738466],[-44.551875,-10.636405],[-44.419299,-10.590309],[-44.223161,-10.63041],[-44.135311,-10.600955],[-43.991754,-10.452953],[-43.918787,-10.436055],[-43.706991,-10.050291],[-43.713399,-9.951227],[-43.68278,-9.802089],[-43.733759,-9.737338],[-43.779467,-9.568098],[-43.83551,-9.47999],[-43.812979,-9.429088],[-43.691539,-9.443351],[-43.62604,-9.341032],[-43.517442,-9.359842],[-43.45003,-9.30398],[-43.350475,-9.431155],[-43.302338,-9.406247],[-43.185059,-9.418805],[-43.166559,-9.388316],[-43.113461,-9.374311],[-43.039254,-9.397256],[-43.0222,-9.437925],[-42.936857,-9.450482],[-42.935126,-9.511874],[-42.85048,-9.548874],[-42.723743,-9.523501],[-42.622406,-9.565772],[-42.584269,-9.488671],[-42.486238,-9.498955],[-42.431616,-9.409038],[-42.365186,-9.375603],[-42.318884,-9.311938],[-42.149592,-9.295091],[-42.042648,-9.20781],[-41.917126,-9.211582],[-41.85005,-9.252613],[-41.796306,-9.174375],[-41.733674,-9.138667],[-41.734863,-8.981622],[-41.557225,-8.97263],[-41.499968,-8.935475],[-41.370803,-8.711871],[-41.296854,-8.738071],[-41.142031,-8.709391],[-41.102188,-8.723033],[-41.089786,-8.784942],[-40.997027,-8.774865],[-40.970646,-8.827058],[-40.920649,-8.827006],[-40.889127,-8.856927],[-40.895199,-9.024772],[-40.857475,-9.082546],[-40.853134,-9.151792],[-40.703556,-9.221917],[-40.690172,-9.344339],[-40.758256,-9.453066],[-40.718594,-9.447537],[-40.633251,-9.487896],[-40.553566,-9.464125],[-40.528218,-9.418288],[-40.450084,-9.395499],[-40.424426,-9.364131],[-40.334742,-9.36072],[-40.249837,-9.070919],[-40.211493,-9.063322],[-40.113928,-9.103372],[-39.968511,-9.042859],[-39.889239,-8.959194],[-39.882961,-8.817859],[-39.689975,-8.782409],[-39.69075,-8.658644],[-39.605432,-8.641798],[-39.403248,-8.534052],[-39.287984,-8.560562],[-39.221218,-8.677351],[-39.028697,-8.733213],[-38.967668,-8.789386],[-38.855297,-8.768508],[-38.797368,-8.785665],[-38.706107,-8.841217],[-38.644612,-8.976919],[-38.60831,-8.970667],[-38.589603,-8.85858],[-38.527849,-8.819151],[-38.465373,-8.86411],[-38.512062,-8.946637],[-38.481212,-9.000329],[-38.409665,-9.034022],[-38.320524,-8.987668],[-38.287399,-9.013455],[-38.314064,-9.131587],[-38.197895,-9.412758],[-38.012403,-9.477974],[-37.997107,-9.526808],[-38.044882,-9.616829],[-37.99243,-9.648196],[-38.025089,-9.74757],[-37.963905,-9.873557],[-37.902022,-9.911953],[-37.898973,-9.950142],[-37.821691,-10.022437],[-37.772805,-10.112819],[-37.783916,-10.305004],[-37.83616,-10.422929],[-37.814663,-10.487112],[-37.824016,-10.570104],[-37.787714,-10.607776],[-37.791925,-10.653458],[-37.996254,-10.759911],[-38.087256,-10.71056],[-38.191152,-10.715935],[-38.241872,-10.822802],[-38.240038,-10.884503],[-38.17676,-10.980001],[-38.109425,-11.02806],[-38.062865,-11.16738],[-37.986642,-11.219315],[-38.005969,-11.357394],[-37.989329,-11.384731],[-37.893547,-11.409277],[-37.795905,-11.523741],[-37.680485,-11.568906],[-37.63408,-11.521622],[-37.572792,-11.540277]]],[[[-39.032582,-13.392511],[-38.906239,-13.388849],[-38.896352,-13.453546],[-38.934397,-13.556248],[-38.893275,-13.639286],[-38.902013,-13.671812],[-38.949489,-13.658024],[-38.979056,-13.599695],[-38.967844,-13.498305],[-39.045888,-13.458185],[-39.032582,-13.392511]]],[[[-38.640777,-12.892755],[-38.587473,-12.986912],[-38.786529,-13.133884],[-38.791249,-13.058364],[-38.66926,-12.961847],[-38.697133,-12.880548],[-38.640777,-12.892755]]]]}},{"type":"Feature","properties":{"country_code":"BR","region_code":"BR-ES","name":"Espírito Santo","native_name":"Espírito Santo","type":"State"},"geometry":{"type":"MultiPolygon","coordinates":[[[[-39.672609,-18.32322],[-39.744862,-18.681736],[-39.698069,-19.239923],[-39.709788,-19.416111],[-39.806996,-19.636163],[-40.009429,-19.747003],[-40.097401,-19.930597],[-40.157053,-19.958917],[-40.131988,-19.971856],[-40.146474,-20.023045],[-40.178619,-20.04339],[-40.165924,-20.10589],[-40.232777,-20.266778],[-40.286733,-20.28102],[-40.300404,-20.23268],[-40.369293,-20.23268],[-40.350901,-20.256524],[-40.376129,-20.266778],[-40.365971,-20.323231],[-40.259511,-20.321466],[-40.418324,-20.61533],[-40.475331,-20.637791],[-40.619565,-20.833901],[-40.652089,-20.808038],[-40.758463,-20.864194],[-40.801109,-20.930996],[-40.814613,-21.036612],[-40.965119,-21.274029],[-41.067927,-21.214105],[-41.254867,-21.233897],[-41.36194,-21.191109],[-41.432788,-21.20284],[-41.711402,-21.111218],[-41.72861,-21.044348],[-41.718973,-20.873971],[-41.74171,-20.82183],[-41.881237,-20.764572],[-41.811473,-20.647318],[-41.812998,-20.629231],[-41.853771,-20.627785],[-41.79597,-20.530788],[-41.796306,-20.426918],[-41.839921,-20.401235],[-41.852685,-20.34651],[-41.776953,-20.288115],[-41.728584,-20.209257],[-41.405503,-20.212926],[-41.37026,-20.191222],[-41.304993,-19.953614],[-41.185284,-19.865092],[-41.156836,-19.660453],[-41.036973,-19.562733],[-41.045474,-19.491213],[-40.997363,-19.503305],[-40.95796,-19.465995],[-40.925946,-19.295721],[-40.945299,-19.140847],[-41.05152,-19.046486],[-41.026534,-18.981167],[-41.053277,-18.930369],[-41.104591,-18.888769],[-41.165105,-18.907373],[-41.203474,-18.889906],[-41.239829,-18.843139],[-41.170221,-18.806449],[-41.09082,-18.829393],[-40.959148,-18.822727],[-40.919848,-18.787432],[-40.934008,-18.679376],[-41.027594,-18.650282],[-41.011264,-18.420271],[-41.089399,-18.35583],[-41.148542,-18.388955],[-41.130481,-18.351024],[-41.141747,-18.289116],[-41.058909,-18.178838],[-41.01545,-18.175221],[-40.919073,-18.102874],[-40.838639,-18.150003],[-40.769263,-18.145559],[-40.777247,-18.093572],[-40.914784,-17.952082],[-40.791794,-17.973528],[-40.726217,-17.944227],[-40.666194,-17.956475],[-40.525945,-17.899631],[-40.466258,-17.930016],[-40.436648,-17.875549],[-40.216894,-17.971926],[-39.672609,-18.32322]]],[[[-29.338246,-20.584161],[-29.348256,-20.561293],[-29.344309,-20.550958],[-29.316884,-20.56878],[-29.338246,-20.584161]]],[[[-28.877838,-20.514255],[-28.880483,-20.510837],[-28.877065,-20.511651],[-28.877838,-20.514255]]]]}},{"type":"Feature","properties":{"country_code":"BR","region_code":"BR-RJ","name":"Rio de Janeiro","native_name":"Rio de Janeiro","type":"State"},"geometry":{"type":"MultiPolygon","coordinates":[[[[-40.965119,-21.274029],[-40.963503,-21.364503],[-41.071868,-21.523339],[-41.018544,-21.608087],[-41.024729,-21.71919],[-40.972646,-21.986749],[-41.243695,-22.145213],[-41.666493,-22.281834],[-41.966298,-22.535414],[-41.996205,-22.609308],[-41.993031,-22.699884],[-41.93456,-22.768731],[-41.870107,-22.734063],[-41.869781,-22.75213],[-41.989613,-22.826349],[-41.996897,-22.875258],[-42.03307,-22.91253],[-42.002919,-22.947686],[-42.013539,-22.981703],[-42.058217,-22.95379],[-42.531728,-22.934177],[-42.695668,-22.966892],[-43.031402,-22.974298],[-43.130767,-22.91961],[-43.091908,-22.917087],[-43.126536,-22.88242],[-43.034535,-22.775567],[-43.061431,-22.765802],[-43.025136,-22.735528],[-43.028391,-22.67254],[-43.075551,-22.665704],[-43.103424,-22.693617],[-43.270172,-22.747003],[-43.24059,-22.843927],[-43.220123,-22.829685],[-43.151235,-22.933282],[-43.220123,-22.995294],[-43.447581,-23.018162],[-43.560374,-23.067478],[-43.620758,-23.042576],[-43.934722,-23.072686],[-43.988759,-23.097426],[-44.008412,-23.069757],[-43.987131,-23.041681],[-43.905385,-23.055597],[-43.891713,-23.021417],[-43.751129,-23.049412],[-43.603749,-23.007745],[-43.706695,-22.974298],[-43.734039,-22.939548],[-43.802968,-22.929864],[-43.80899,-22.909763],[-43.864369,-22.905938],[-43.850168,-22.892267],[-44.004709,-22.939548],[-44.030751,-22.971368],[-44.049387,-22.974298],[-44.039174,-22.944106],[-44.056223,-22.939548],[-44.115102,-23.022393],[-44.220082,-23.049412],[-44.242991,-23.042576],[-44.250478,-22.996189],[-44.329945,-23.015232],[-44.352651,-22.999282],[-44.311635,-22.961114],[-44.316884,-22.926446],[-44.357818,-22.91961],[-44.37149,-22.961196],[-44.384511,-22.939548],[-44.423248,-22.947931],[-44.457387,-23.009454],[-44.604237,-23.055597],[-44.598012,-23.03574],[-44.6551,-23.043145],[-44.70051,-23.10768],[-44.707997,-23.214614],[-44.62678,-23.195245],[-44.673207,-23.229587],[-44.680002,-23.24863],[-44.624745,-23.234959],[-44.651357,-23.284763],[-44.583363,-23.229181],[-44.556508,-23.227472],[-44.576324,-23.24863],[-44.558258,-23.26336],[-44.510569,-23.27337],[-44.50121,-23.296482],[-44.523793,-23.290704],[-44.583811,-23.353204],[-44.727569,-23.352065],[-44.786356,-23.294185],[-44.816923,-23.29558],[-44.864646,-23.228401],[-44.802118,-23.127374],[-44.792222,-22.983506],[-44.585645,-22.877208],[-44.539059,-22.882996],[-44.465704,-22.847804],[-44.445886,-22.86956],[-44.370335,-22.861085],[-44.273597,-22.820261],[-44.248353,-22.746828],[-44.162002,-22.68647],[-44.219828,-22.588905],[-44.371911,-22.584048],[-44.523814,-22.623425],[-44.627942,-22.604925],[-44.75827,-22.432119],[-44.831341,-22.406074],[-44.731502,-22.358428],[-44.651998,-22.364526],[-44.608874,-22.316209],[-44.430952,-22.251716],[-44.292097,-22.240399],[-44.240317,-22.258176],[-44.086012,-22.168569],[-43.784738,-22.055914],[-43.744844,-22.075758],[-43.587773,-22.046199],[-43.556586,-22.066818],[-43.469848,-22.05793],[-43.327712,-22.001809],[-43.134054,-22.024495],[-43.138059,-22.096532],[-43.103281,-22.069247],[-43.059227,-22.072968],[-43.014527,-22.014625],[-42.951533,-22.005943],[-42.363429,-21.733453],[-42.31183,-21.735417],[-42.264831,-21.667101],[-42.29439,-21.639351],[-42.369243,-21.63377],[-42.366582,-21.59372],[-42.299118,-21.482564],[-42.283357,-21.382467],[-42.220751,-21.337147],[-42.178841,-21.154729],[-42.097089,-21.010914],[-42.132849,-20.990501],[-42.137655,-20.956343],[-42.089854,-20.919446],[-41.975313,-20.923012],[-41.920304,-20.804518],[-41.86439,-20.776871],[-41.74171,-20.82183],[-41.718973,-20.873971],[-41.72861,-21.044348],[-41.711402,-21.111218],[-41.432788,-21.20284],[-41.36194,-21.191109],[-41.254867,-21.233897],[-41.067927,-21.214105],[-40.965119,-21.274029]]],[[[-44.113026,-23.114679],[-44.082265,-23.169529],[-44.107737,-23.17962],[-44.15925,-23.165785],[-44.2412,-23.193455],[-44.292633,-23.172784],[-44.327707,-23.221287],[-44.337392,-23.17962],[-44.367096,-23.165216],[-44.270863,-23.115167],[-44.235097,-23.06878],[-44.186513,-23.090997],[-44.207021,-23.104587],[-44.186513,-23.117608],[-44.141835,-23.13128],[-44.113026,-23.114679]]]]}},{"type":"Feature","properties":{"country_code":"BR","region_code":"BR-SP","name":"São Paulo","native_name":"São Paulo","type":"State"},"geometry":{"type":"MultiPolygon","coordinates":[[[[-44.727569,-23.352065],[-44.844472,-23.385186],[-44.868031,-23.357843],[-44.898508,-23.364679],[-44.891998,-23.340997],[-44.919301,-23.34881],[-44.981028,-23.399347],[-45.04308,-23.405532],[-45.050771,-23.428155],[-45.008372,-23.46087],[-45.05016,-23.473321],[-45.070424,-23.515395],[-45.147776,-23.4874],[-45.145497,-23.529067],[-45.200347,-23.523696],[-45.213735,-23.542739],[-45.200673,-23.572035],[-45.251943,-23.59059],[-45.28954,-23.570082],[-45.367787,-23.616632],[-45.412994,-23.617852],[-45.433502,-23.664727],[-45.393056,-23.783461],[-45.426666,-23.830743],[-45.509267,-23.837579],[-45.574086,-23.796645],[-45.864369,-23.756443],[-45.989003,-23.789809],[-46.026926,-23.828546],[-46.146067,-23.844415],[-46.179596,-23.890313],[-46.235422,-23.912693],[-46.197377,-23.915704],[-46.111928,-23.864923],[-46.159739,-23.92018],[-46.166493,-23.981622],[-46.221099,-23.981703],[-46.287668,-24.021173],[-46.317372,-24.016371],[-46.276357,-23.981622],[-46.299469,-23.925063],[-46.385406,-23.873468],[-46.40982,-23.933852],[-46.453928,-23.926446],[-46.412953,-23.981622],[-46.37682,-23.985121],[-46.376047,-24.024509],[-46.406728,-24.008966],[-46.593414,-24.089532],[-46.936635,-24.27337],[-46.988922,-24.33115],[-47.01537,-24.422947],[-47.049794,-24.42783],[-47.051015,-24.406183],[-47.072092,-24.4485],[-47.181386,-24.53338],[-47.442047,-24.680434],[-47.531321,-24.688165],[-47.63386,-24.755629],[-47.825551,-24.894138],[-47.960561,-25.0499],[-48.009999,-25.044203],[-47.962148,-25.023126],[-47.972727,-25.009373],[-48.016916,-25.010837],[-48.034901,-25.048761],[-48.051584,-25.036798],[-48.03246,-25.063246],[-47.949696,-25.080011],[-47.887074,-25.057306],[-47.951772,-25.201349],[-48.020009,-25.226332],[-48.082104,-25.307319],[-48.032489,-25.229416],[-48.092279,-25.237064],[-48.178966,-25.204094],[-48.230229,-25.013563],[-48.276608,-25.0332],[-48.420527,-24.959665],[-48.460499,-24.991239],[-48.462023,-25.034286],[-48.500057,-25.082603],[-48.574936,-25.048497],[-48.592403,-25.001936],[-48.560002,-24.969948],[-48.546411,-24.818381],[-48.487603,-24.745673],[-48.581654,-24.681801],[-48.654311,-24.705003],[-48.676429,-24.674876],[-48.780841,-24.695547],[-48.829288,-24.662267],[-48.977883,-24.668778],[-49.02801,-24.634465],[-49.026873,-24.667848],[-49.052737,-24.684746],[-49.200092,-24.692033],[-49.295513,-24.666039],[-49.318405,-24.542481],[-49.278356,-24.523051],[-49.27107,-24.472149],[-49.295099,-24.44843],[-49.239392,-24.418096],[-49.24859,-24.386832],[-49.222339,-24.349986],[-49.336027,-24.224878],[-49.331066,-24.14974],[-49.353132,-24.113463],[-49.448552,-24.052485],[-49.513536,-23.935128],[-49.595701,-23.882056],[-49.552629,-23.711679],[-49.606166,-23.641141],[-49.653682,-23.512208],[-49.613529,-23.393404],[-49.638127,-23.259252],[-49.733729,-23.098952],[-49.894236,-23.04929],[-49.91408,-22.98578],[-49.968262,-22.952656],[-49.978081,-22.90377],[-50.20755,-22.949142],[-50.306381,-22.951777],[-50.384593,-22.912141],[-50.429294,-22.946919],[-50.655455,-22.921391],[-50.76488,-22.953896],[-50.880145,-22.822069],[-51.110725,-22.767189],[-51.34686,-22.651899],[-51.509486,-22.68585],[-51.640202,-22.652519],[-51.695289,-22.662647],[-51.74451,-22.617947],[-51.874942,-22.610351],[-52.066661,-22.521726],[-52.139706,-22.54157],[-52.174717,-22.624769],[-52.217143,-22.643837],[-52.275848,-22.597432],[-52.313701,-22.617947],[-52.520846,-22.614588],[-52.614742,-22.569526],[-52.693858,-22.603685],[-52.947228,-22.570767],[-53.167964,-22.701715],[-52.96702,-22.458887],[-52.842635,-22.420647],[-52.816771,-22.380081],[-52.518908,-22.223346],[-52.36933,-22.098909],[-52.303804,-21.924915],[-52.208255,-21.853549],[-52.152651,-21.739345],[-52.043614,-21.666119],[-52.103868,-21.52344],[-52.070537,-21.480291],[-51.98093,-21.479205],[-51.867423,-21.343038],[-51.851584,-21.298648],[-51.871144,-21.14398],[-51.792931,-21.089824],[-51.745725,-20.995617],[-51.631985,-20.876968],[-51.620229,-20.69977],[-51.58005,-20.596365],[-51.514628,-20.574248],[-51.326422,-20.362426],[-51.087031,-20.263362],[-50.993962,-20.101667],[-50.89402,-20.007771],[-50.655636,-19.915373],[-50.557503,-19.807938],[-50.456605,-19.780756],[-50.338421,-19.869278],[-49.882221,-19.931135],[-49.546738,-19.929894],[-49.384784,-19.98002],[-49.272982,-19.968393],[-49.242829,-19.989322],[-49.294505,-20.025806],[-49.298381,-20.143886],[-49.216448,-20.294058],[-49.149268,-20.295247],[-49.041652,-20.143421],[-49.002947,-20.151328],[-48.970933,-20.230548],[-48.969434,-20.400512],[-48.901144,-20.4387],[-48.867012,-20.407333],[-48.888509,-20.260778],[-48.818591,-20.151328],[-48.636742,-20.157529],[-48.565351,-20.123371],[-48.400864,-20.109728],[-48.242605,-20.137685],[-48.219894,-20.113604],[-48.243381,-20.042704],[-48.222736,-20.013507],[-48.168114,-20.102907],[-48.071556,-20.150914],[-48.006418,-20.113449],[-47.989365,-20.027821],[-47.926785,-20.114017],[-47.881697,-20.099806],[-47.877098,-20.005239],[-47.852758,-19.982553],[-47.715196,-19.975111],[-47.635821,-20.038518],[-47.579132,-19.991803],[-47.468596,-19.958885],[-47.434463,-19.986222],[-47.438649,-20.036038],[-47.30411,-20.12027],[-47.234631,-20.20595],[-47.275403,-20.297934],[-47.292095,-20.437512],[-47.14536,-20.531511],[-47.108902,-20.640755],[-47.202721,-20.787981],[-47.22396,-20.907612],[-47.145101,-20.980424],[-47.129857,-21.12269],[-47.051799,-21.20346],[-46.992966,-21.349653],[-47.000562,-21.400606],[-46.89354,-21.405825],[-46.813855,-21.35973],[-46.687377,-21.397143],[-46.647121,-21.36991],[-46.603326,-21.429183],[-46.509507,-21.453936],[-46.492402,-21.524836],[-46.518473,-21.552844],[-46.518757,-21.60266],[-46.564568,-21.680175],[-46.605651,-21.680537],[-46.63366,-21.782236],[-46.668541,-21.812518],[-46.644796,-21.864815],[-46.660583,-21.903469],[-46.61733,-21.990027],[-46.661074,-22.012403],[-46.660764,-22.051264],[-46.698048,-22.072658],[-46.629164,-22.09679],[-46.60069,-22.132551],[-46.664381,-22.205156],[-46.70518,-22.306597],[-46.652728,-22.404162],[-46.551985,-22.437338],[-46.535397,-22.479609],[-46.385716,-22.531596],[-46.417084,-22.569526],[-46.395509,-22.626681],[-46.475969,-22.670606],[-46.356622,-22.75706],[-46.353212,-22.857519],[-46.280555,-22.881704],[-46.149555,-22.848683],[-46.144697,-22.890644],[-46.122373,-22.892918],[-46.010442,-22.872402],[-45.914789,-22.818245],[-45.864068,-22.86155],[-45.823115,-22.826823],[-45.78658,-22.849303],[-45.773583,-22.794216],[-45.736531,-22.792355],[-45.726092,-22.74471],[-45.808516,-22.708226],[-45.711623,-22.644871],[-45.726092,-22.588698],[-45.6485,-22.587923],[-45.680514,-22.629316],[-45.663176,-22.651227],[-45.583129,-22.616759],[-45.56773,-22.643165],[-45.519309,-22.649263],[-45.447401,-22.595726],[-45.399058,-22.650969],[-45.263356,-22.601256],[-45.250256,-22.564876],[-45.114553,-22.49041],[-44.922834,-22.450671],[-44.831341,-22.406074],[-44.75827,-22.432119],[-44.637141,-22.599395],[-44.605437,-22.612883],[-44.509086,-22.622288],[-44.371911,-22.584048],[-44.215461,-22.590559],[-44.162803,-22.692206],[-44.248353,-22.746828],[-44.273597,-22.820261],[-44.370335,-22.861085],[-44.445886,-22.86956],[-44.465704,-22.847804],[-44.539059,-22.882996],[-44.585645,-22.877208],[-44.792222,-22.983506],[-44.802118,-23.127374],[-44.864646,-23.228401],[-44.816923,-23.29558],[-44.786356,-23.294185],[-44.727569,-23.352065]]],[[[-47.517161,-24.700942],[-47.448313,-24.6867],[-47.822743,-24.941664],[-47.900136,-25.036798],[-47.879628,-24.964776],[-47.831858,-24.913263],[-47.517161,-24.700942]]],[[[-46.327952,-23.926446],[-46.29186,-23.990899],[-46.399892,-23.974786],[-46.4204,-23.947442],[-46.393666,-23.947442],[-46.393666,-23.92018],[-46.327952,-23.926446]]],[[[-45.213735,-23.906508],[-45.241689,-23.96795],[-45.290435,-23.911879],[-45.421864,-23.935235],[-45.452952,-23.891371],[-45.355377,-23.800063],[-45.308461,-23.721368],[-45.228098,-23.772393],[-45.234853,-23.844415],[-45.265736,-23.839288],[-45.271108,-23.86891],[-45.254994,-23.898207],[-45.213735,-23.906508]]]]}},{"type":"Feature","properties":{"country_code":"BR","region_code":"BR-GO","name":"Goiás","native_name":"Goiás","type":"State"},"geometry":{"type":"Polygon","coordinates":[[[-46.233529,-12.796635],[-46.061653,-12.952542],[-46.161595,-13.047162],[-46.179269,-13.210925],[-46.083151,-13.251594],[-46.073668,-13.294899],[-46.088887,-13.341563],[-46.186555,-13.404815],[-46.214099,-13.465121],[-46.272441,-13.656892],[-46.259651,-13.868559],[-46.223039,-13.99775],[-46.125629,-14.188901],[-46.058243,-14.230552],[-46.003931,-14.306207],[-45.920473,-14.350752],[-45.966181,-14.488779],[-45.912463,-14.691403],[-45.931532,-14.747213],[-46.077363,-14.9225],[-46.191981,-14.935419],[-46.296497,-14.909374],[-46.370523,-14.784627],[-46.516819,-14.713313],[-46.581983,-14.801267],[-46.546223,-15.028436],[-46.566816,-15.056548],[-46.61565,-15.07665],[-46.768768,-15.009471],[-46.885427,-15.040942],[-46.928603,-15.241033],[-46.88473,-15.242222],[-46.853879,-15.316843],[-46.936587,-15.431771],[-46.930463,-15.545717],[-46.87057,-15.582976],[-46.836903,-15.768029],[-46.832898,-15.854743],[-46.862948,-15.881201],[-47.083813,-15.938613],[-47.129288,-15.921302],[-47.219309,-16.029461],[-47.302482,-16.040054],[-47.359093,-15.975304],[-47.305893,-15.594707],[-47.408548,-15.540395],[-47.422965,-15.49833],[-48.179353,-15.489855],[-48.239815,-15.692685],[-48.202556,-15.734957],[-48.23103,-15.7964],[-48.277151,-15.829473],[-48.261338,-15.929415],[-48.23395,-15.95732],[-48.25201,-16.031476],[-47.302482,-16.040054],[-47.337699,-16.146921],[-47.326537,-16.247638],[-47.433223,-16.410368],[-47.453403,-16.499406],[-47.404052,-16.569014],[-47.266515,-16.661825],[-47.151225,-16.977516],[-47.223107,-17.012036],[-47.210472,-17.075702],[-47.333591,-17.157712],[-47.352143,-17.208923],[-47.421699,-17.271555],[-47.4379,-17.339768],[-47.500093,-17.329795],[-47.530504,-17.454903],[-47.473402,-17.527509],[-47.398678,-17.499913],[-47.305247,-17.535363],[-47.271373,-17.581045],[-47.267884,-17.665123],[-47.322584,-17.733284],[-47.355864,-17.830798],[-47.277703,-18.059931],[-47.426273,-18.162302],[-47.576289,-18.2239],[-47.650238,-18.321052],[-47.915183,-18.452827],[-48.05732,-18.405388],[-48.121372,-18.410659],[-48.259504,-18.349061],[-48.818048,-18.351954],[-48.952329,-18.326323],[-49.155935,-18.421511],[-49.376877,-18.631421],[-49.455865,-18.567807],[-49.483899,-18.503987],[-49.513536,-18.496028],[-49.797808,-18.622791],[-50.017071,-18.6169],[-50.112,-18.66315],[-50.297725,-18.70015],[-50.502054,-18.930575],[-50.486809,-19.01455],[-50.545359,-19.109169],[-50.673801,-19.12152],[-50.843997,-19.294791],[-50.881152,-19.410856],[-50.83932,-19.463049],[-50.870895,-19.485942],[-50.938048,-19.454213],[-50.961173,-19.47354],[-51.11305,-19.292982],[-51.295442,-19.259703],[-51.429904,-19.157745],[-51.643121,-19.128806],[-51.842076,-19.048139],[-51.913001,-18.988298],[-52.059763,-18.944683],[-52.098468,-18.895952],[-52.231406,-18.821331],[-52.355662,-18.809859],[-52.482682,-18.707437],[-52.759668,-18.71033],[-52.896275,-18.664752],[-52.76897,-18.411847],[-52.903277,-18.346218],[-53.000093,-18.385699],[-53.050968,-18.326581],[-53.053836,-18.016626],[-53.14396,-17.787751],[-53.241318,-17.621766],[-53.189642,-17.362557],[-53.198169,-17.265716],[-53.037662,-17.037616],[-53.01942,-16.867859],[-52.809252,-16.745386],[-52.712152,-16.650611],[-52.696545,-16.588858],[-52.632415,-16.528913],[-52.615543,-16.426077],[-52.67634,-16.382824],[-52.669519,-16.291305],[-52.546916,-16.241127],[-52.532499,-16.152089],[-52.33419,-16.0461],[-52.230553,-15.898719],[-52.029919,-15.868385],[-51.966771,-15.800741],[-51.882745,-15.804771],[-51.773914,-15.610571],[-51.792931,-15.539],[-51.748515,-15.529956],[-51.711541,-15.474249],[-51.675626,-15.36764],[-51.675626,-15.288524],[-51.648935,-15.264649],[-51.648935,-15.190132],[-51.412024,-14.995415],[-51.319963,-14.956141],[-51.297483,-15.010401],[-51.255238,-15.015362],[-51.175966,-14.976657],[-51.10026,-14.887876],[-51.038791,-14.658226],[-50.969907,-14.518545],[-50.997709,-14.399483],[-50.924871,-14.121618],[-50.845754,-14.084101],[-50.866373,-13.716113],[-50.795835,-13.675909],[-50.755191,-13.533696],[-50.669021,-13.437164],[-50.599542,-13.303012],[-50.569027,-13.228391],[-50.5867,-13.073517],[-50.550397,-13.050004],[-50.559389,-13.010213],[-50.495465,-12.95094],[-50.446476,-12.700413],[-50.319507,-12.512363],[-50.150318,-12.399863],[-50.129674,-12.418673],[-50.130811,-12.468283],[-50.200884,-12.551895],[-50.2006,-12.654628],[-50.272507,-12.773122],[-50.258245,-12.920503],[-50.051823,-13.020859],[-49.969425,-13.026956],[-49.684481,-13.175836],[-49.564928,-13.188342],[-49.397548,-13.250199],[-49.373105,-13.232319],[-49.357705,-13.134598],[-49.296495,-13.002824],[-49.137822,-12.734933],[-49.004213,-12.654473],[-49.008063,-12.740049],[-48.860345,-12.833222],[-48.797533,-12.929081],[-48.803088,-13.010782],[-48.768,-13.097185],[-48.760868,-13.21077],[-48.778645,-13.32885],[-48.749319,-13.384867],[-48.684594,-13.337532],[-48.644441,-13.162762],[-48.385232,-13.191856],[-48.165504,-13.064732],[-48.141681,-13.079356],[-48.168579,-13.17997],[-48.0752,-13.194957],[-47.983861,-13.2595],[-47.937559,-13.243222],[-47.856014,-13.294434],[-47.666878,-13.355619],[-47.656543,-13.333604],[-47.725014,-13.16762],[-47.662253,-13.104006],[-47.593601,-13.177697],[-47.533295,-13.298361],[-47.507922,-13.25702],[-47.285713,-13.195732],[-47.092236,-13.095479],[-46.77825,-13.05481],[-46.618648,-12.904483],[-46.445428,-12.847846],[-46.300579,-12.833015],[-46.233529,-12.796635]]]}},{"type":"Feature","properties":{"country_code":"BR","region_code":"BR-DF","name":"Federal","native_name":"Distrito Federal","type":"Federal District"},"geometry":{"type":"Polygon","coordinates":[[[-48.179353,-15.489855],[-47.422965,-15.49833],[-47.408548,-15.540395],[-47.305893,-15.594707],[-47.359093,-15.975304],[-47.302482,-16.040054],[-48.25201,-16.031476],[-48.23395,-15.95732],[-48.261338,-15.929415],[-48.277151,-15.829473],[-48.23103,-15.7964],[-48.202556,-15.734957],[-48.239815,-15.692685],[-48.179353,-15.489855]]]}},{"type":"Feature","properties":{"country_code":"BR","region_code":"BR-MG","name":"Minas Gerais","native_name":"Minas Gerais","type":"State"},"geometry":{"type":"Polygon","coordinates":[[[-46.51098,-14.711608],[-46.370523,-14.784627],[-46.288203,-14.912474],[-46.09532,-14.932473],[-46.022999,-14.868808],[-45.974785,-14.998206],[-46.082143,-15.222171],[-46.066046,-15.246304],[-45.969101,-15.188427],[-45.925899,-15.126983],[-45.747073,-15.144243],[-45.679144,-15.093807],[-45.558273,-14.938778],[-45.461897,-14.939915],[-45.406138,-14.911441],[-45.320458,-14.855837],[-45.22434,-14.740444],[-45.102099,-14.71905],[-44.881725,-14.598333],[-44.836302,-14.51901],[-44.562778,-14.345481],[-44.320803,-14.245693],[-44.24303,-14.257631],[-44.217967,-14.238924],[-44.167764,-14.269568],[-44.035524,-14.286673],[-44.002141,-14.273444],[-43.791637,-14.344395],[-43.882768,-14.561695],[-43.866516,-14.659622],[-43.835019,-14.690628],[-43.49243,-14.788554],[-43.442537,-14.774963],[-43.385848,-14.701221],[-43.222576,-14.635954],[-42.953006,-14.679465],[-42.648632,-14.932318],[-42.569231,-14.933972],[-42.285579,-15.098923],[-42.165586,-15.10838],[-42.087296,-15.18176],[-41.944695,-15.172769],[-41.801422,-15.10962],[-41.360596,-15.49523],[-41.322459,-15.742036],[-41.140016,-15.778571],[-40.944911,-15.673513],[-40.892098,-15.696458],[-40.813111,-15.687156],[-40.750065,-15.742501],[-40.65095,-15.71873],[-40.544806,-15.79857],[-40.474759,-15.774231],[-40.354095,-15.820378],[-40.224723,-15.820068],[-40.170152,-15.896652],[-40.102715,-15.906884],[-40.00471,-15.993804],[-39.93505,-16.00109],[-39.86074,-16.128008],[-39.909161,-16.201181],[-39.94058,-16.313216],[-40.057188,-16.394968],[-40.133281,-16.502197],[-40.137441,-16.544261],[-40.196068,-16.544571],[-40.265728,-16.5809],[-40.283065,-16.749107],[-40.246866,-16.839695],[-40.309369,-16.88176],[-40.47972,-16.870805],[-40.525169,-16.930542],[-40.573823,-17.12159],[-40.561989,-17.254864],[-40.60103,-17.301683],[-40.607335,-17.398473],[-40.576691,-17.408963],[-40.557235,-17.372169],[-40.517005,-17.364263],[-40.53845,-17.418833],[-40.497626,-17.418833],[-40.48189,-17.442759],[-40.487859,-17.55407],[-40.406675,-17.562494],[-40.375902,-17.630396],[-40.207049,-17.76584],[-40.186973,-17.837412],[-40.229348,-17.917356],[-40.206843,-17.978541],[-40.441066,-17.874258],[-40.466258,-17.930016],[-40.525945,-17.899631],[-40.666194,-17.956475],[-40.726217,-17.944227],[-40.791794,-17.973528],[-40.910753,-17.948672],[-40.911063,-17.971771],[-40.774224,-18.097758],[-40.769263,-18.145559],[-40.838639,-18.150003],[-40.932199,-18.105975],[-41.01545,-18.175221],[-41.058909,-18.178838],[-41.138801,-18.283587],[-41.148542,-18.388955],[-41.089399,-18.35583],[-41.008938,-18.424818],[-41.027594,-18.650282],[-40.934008,-18.679376],[-40.91791,-18.779887],[-40.959148,-18.822727],[-41.09082,-18.829393],[-41.170221,-18.806449],[-41.239829,-18.843139],[-41.203474,-18.889906],[-41.165105,-18.907373],[-41.104591,-18.888769],[-41.053277,-18.930369],[-41.026534,-18.981167],[-41.05152,-19.046486],[-40.943103,-19.145704],[-40.925946,-19.295721],[-40.959665,-19.471266],[-40.997363,-19.503305],[-41.045474,-19.491213],[-41.036973,-19.562733],[-41.156836,-19.660453],[-41.185284,-19.865092],[-41.304993,-19.953614],[-41.37026,-20.191222],[-41.405503,-20.212926],[-41.728584,-20.209257],[-41.776953,-20.288115],[-41.850205,-20.341859],[-41.839921,-20.401235],[-41.796306,-20.426918],[-41.79597,-20.530788],[-41.85315,-20.63228],[-41.80889,-20.639205],[-41.881857,-20.756872],[-41.86439,-20.776871],[-41.920304,-20.804518],[-41.966115,-20.914744],[-42.000402,-20.93221],[-42.089854,-20.919446],[-42.137655,-20.956343],[-42.132849,-20.990501],[-42.097089,-21.010914],[-42.178841,-21.154729],[-42.220751,-21.337147],[-42.283357,-21.382467],[-42.299118,-21.482564],[-42.366582,-21.59372],[-42.369243,-21.63377],[-42.270128,-21.656352],[-42.280256,-21.71361],[-42.887092,-21.959848],[-42.951533,-22.005943],[-43.014527,-22.014625],[-43.059227,-22.072968],[-43.103281,-22.069247],[-43.138059,-22.096532],[-43.134054,-22.024495],[-43.327712,-22.001809],[-43.469848,-22.05793],[-43.556586,-22.066818],[-43.587773,-22.046199],[-43.744844,-22.075758],[-43.784738,-22.055914],[-44.086012,-22.168569],[-44.240317,-22.258176],[-44.292097,-22.240399],[-44.430952,-22.251716],[-44.608874,-22.316209],[-44.651998,-22.364526],[-44.731502,-22.358428],[-44.922834,-22.450671],[-45.057477,-22.465864],[-45.250256,-22.564876],[-45.263356,-22.601256],[-45.399058,-22.650969],[-45.447401,-22.595726],[-45.519309,-22.649263],[-45.56773,-22.643165],[-45.583129,-22.616759],[-45.663176,-22.651227],[-45.680514,-22.629316],[-45.6485,-22.587923],[-45.726092,-22.588698],[-45.711623,-22.644871],[-45.808516,-22.708226],[-45.726092,-22.74471],[-45.736531,-22.792355],[-45.773583,-22.794216],[-45.780404,-22.846047],[-45.823115,-22.826823],[-45.864068,-22.86155],[-45.914789,-22.818245],[-46.010442,-22.872402],[-46.122373,-22.892918],[-46.144697,-22.890644],[-46.149555,-22.848683],[-46.280555,-22.881704],[-46.348793,-22.862945],[-46.356622,-22.75706],[-46.475969,-22.670606],[-46.395509,-22.626681],[-46.417084,-22.569526],[-46.385716,-22.531596],[-46.535397,-22.479609],[-46.551985,-22.437338],[-46.652728,-22.404162],[-46.702699,-22.31533],[-46.664381,-22.205156],[-46.60069,-22.132551],[-46.629164,-22.09679],[-46.698048,-22.072658],[-46.660764,-22.051264],[-46.661074,-22.012403],[-46.61733,-21.990027],[-46.660583,-21.903469],[-46.644796,-21.864815],[-46.668541,-21.812518],[-46.63366,-21.782236],[-46.605651,-21.680537],[-46.564568,-21.680175],[-46.518757,-21.60266],[-46.518473,-21.552844],[-46.492402,-21.524836],[-46.507621,-21.458948],[-46.533562,-21.434299],[-46.603326,-21.429183],[-46.647121,-21.36991],[-46.687377,-21.397143],[-46.813855,-21.35973],[-46.89354,-21.405825],[-47.000562,-21.400606],[-46.992966,-21.349653],[-47.051799,-21.20346],[-47.129857,-21.12269],[-47.145101,-20.980424],[-47.22396,-20.907612],[-47.202721,-20.787981],[-47.108902,-20.640755],[-47.14536,-20.531511],[-47.292095,-20.437512],[-47.275403,-20.297934],[-47.234631,-20.20595],[-47.30411,-20.12027],[-47.438649,-20.036038],[-47.434463,-19.986222],[-47.468596,-19.958885],[-47.579132,-19.991803],[-47.635821,-20.038518],[-47.715196,-19.975111],[-47.852758,-19.982553],[-47.877098,-20.005239],[-47.881697,-20.099806],[-47.926785,-20.114017],[-47.989365,-20.027821],[-48.006418,-20.113449],[-48.071556,-20.150914],[-48.168114,-20.102907],[-48.222736,-20.013507],[-48.243381,-20.042704],[-48.219894,-20.113604],[-48.242605,-20.137685],[-48.400864,-20.109728],[-48.565351,-20.123371],[-48.636742,-20.157529],[-48.818591,-20.151328],[-48.888509,-20.260778],[-48.867012,-20.407333],[-48.901144,-20.4387],[-48.969434,-20.400512],[-48.970933,-20.230548],[-49.002947,-20.151328],[-49.041652,-20.143421],[-49.149268,-20.295247],[-49.216448,-20.294058],[-49.298381,-20.143886],[-49.294505,-20.025806],[-49.242829,-19.989322],[-49.272982,-19.968393],[-49.384784,-19.98002],[-49.546738,-19.929894],[-49.882221,-19.931135],[-50.338421,-19.869278],[-50.42547,-19.791918],[-50.4896,-19.782306],[-50.557503,-19.807938],[-50.673336,-19.925864],[-50.89402,-20.007771],[-50.993962,-20.101667],[-51.027603,-19.754091],[-50.988588,-19.582835],[-50.937092,-19.549349],[-50.963705,-19.496484],[-50.952983,-19.459225],[-50.870895,-19.485942],[-50.83932,-19.463049],[-50.881152,-19.410856],[-50.843997,-19.294791],[-50.673801,-19.12152],[-50.545359,-19.109169],[-50.486809,-19.01455],[-50.502054,-18.930575],[-50.297725,-18.70015],[-50.112,-18.66315],[-50.017071,-18.6169],[-49.797808,-18.622791],[-49.513536,-18.496028],[-49.483899,-18.503987],[-49.455865,-18.567807],[-49.376877,-18.631421],[-49.155935,-18.421511],[-48.952329,-18.326323],[-48.818048,-18.351954],[-48.259504,-18.349061],[-48.121372,-18.410659],[-48.05732,-18.405388],[-47.915183,-18.452827],[-47.650238,-18.321052],[-47.576289,-18.2239],[-47.426273,-18.162302],[-47.277703,-18.059931],[-47.355864,-17.830798],[-47.322584,-17.733284],[-47.267884,-17.665123],[-47.271373,-17.581045],[-47.305247,-17.535363],[-47.398678,-17.499913],[-47.477898,-17.524873],[-47.522804,-17.477227],[-47.530168,-17.428187],[-47.500093,-17.329795],[-47.4379,-17.339768],[-47.409245,-17.250988],[-47.352143,-17.208923],[-47.333591,-17.157712],[-47.210472,-17.075702],[-47.22892,-17.020718],[-47.150837,-16.966871],[-47.266515,-16.661825],[-47.442137,-16.523332],[-47.436479,-16.417085],[-47.326537,-16.247638],[-47.337699,-16.146921],[-47.302482,-16.040054],[-47.219309,-16.029461],[-47.129288,-15.921302],[-47.078077,-15.937632],[-46.835818,-15.864354],[-46.867857,-15.590728],[-46.930463,-15.545717],[-46.935708,-15.424536],[-46.853879,-15.316843],[-46.88473,-15.242222],[-46.928603,-15.241033],[-46.894316,-15.058719],[-46.862793,-15.021925],[-46.792978,-15.008903],[-46.61565,-15.07665],[-46.566816,-15.056548],[-46.546223,-15.028436],[-46.581983,-14.801267],[-46.51098,-14.711608]]]}},{"type":"Feature","properties":{"country_code":"BR","region_code":"BR-TO","name":"Tocantins","native_name":"Tocantins","type":"State"},"geometry":{"type":"Polygon","coordinates":[[[-45.757692,-10.33079],[-45.843114,-10.457863],[-46.088809,-10.58571],[-46.30244,-10.758258],[-46.307556,-10.790866],[-46.274198,-10.808384],[-46.231875,-10.898456],[-46.370291,-10.969769],[-46.463748,-11.179266],[-46.530694,-11.234663],[-46.570692,-11.316105],[-46.552605,-11.377341],[-46.497441,-11.40783],[-46.441733,-11.495112],[-46.190793,-11.544825],[-46.085166,-11.600997],[-46.104803,-11.666058],[-46.244588,-11.725951],[-46.275335,-11.764656],[-46.260737,-11.841241],[-46.157074,-11.83566],[-46.069947,-11.914931],[-46.210068,-11.997149],[-46.335461,-12.109648],[-46.345228,-12.342037],[-46.317064,-12.423582],[-46.159554,-12.503009],[-46.157151,-12.594993],[-46.240221,-12.727388],[-46.233529,-12.796635],[-46.300579,-12.833015],[-46.445428,-12.847846],[-46.591027,-12.89389],[-46.77825,-13.05481],[-47.092236,-13.095479],[-47.285713,-13.195732],[-47.507922,-13.25702],[-47.533295,-13.298361],[-47.593601,-13.177697],[-47.662253,-13.104006],[-47.725014,-13.16762],[-47.656543,-13.333604],[-47.666878,-13.355619],[-47.856014,-13.294434],[-47.937559,-13.243222],[-47.983861,-13.2595],[-48.0752,-13.194957],[-48.168579,-13.17997],[-48.141681,-13.079356],[-48.165504,-13.064732],[-48.385232,-13.191856],[-48.644441,-13.162762],[-48.681648,-13.331279],[-48.744125,-13.385178],[-48.778645,-13.32885],[-48.760868,-13.21077],[-48.768,-13.097185],[-48.803088,-13.010782],[-48.797533,-12.929081],[-48.860345,-12.833222],[-49.008063,-12.740049],[-49.004213,-12.654473],[-49.137822,-12.734933],[-49.296495,-13.002824],[-49.357705,-13.134598],[-49.373105,-13.232319],[-49.397548,-13.250199],[-49.564928,-13.188342],[-49.684481,-13.175836],[-49.969425,-13.026956],[-50.051823,-13.020859],[-50.258245,-12.920503],[-50.272507,-12.773122],[-50.2006,-12.654628],[-50.200884,-12.551895],[-50.126392,-12.4565],[-50.150318,-12.399863],[-50.351159,-12.542387],[-50.446476,-12.700413],[-50.484019,-12.844797],[-50.598663,-12.804541],[-50.626904,-12.659279],[-50.67548,-12.607447],[-50.648867,-12.599076],[-50.634113,-12.457172],[-50.612228,-12.431127],[-50.625354,-12.272532],[-50.67256,-12.191969],[-50.68318,-12.041849],[-50.644345,-11.889817],[-50.677392,-11.862738],[-50.712403,-11.745484],[-50.657962,-11.663474],[-50.65052,-11.599912],[-50.742659,-11.501623],[-50.670855,-11.259312],[-50.66437,-11.142937],[-50.611763,-11.061185],[-50.635276,-10.928273],[-50.613391,-10.884038],[-50.626594,-10.821716],[-50.587062,-10.752987],[-50.598818,-10.656559],[-50.519081,-10.558322],[-50.493476,-10.417658],[-50.406401,-10.299061],[-50.377798,-10.104861],[-50.303952,-10.020835],[-50.27845,-9.919239],[-50.150241,-9.70039],[-50.053658,-9.319121],[-49.755123,-8.922969],[-49.56547,-8.811193],[-49.38083,-8.436797],[-49.304608,-8.367861],[-49.198645,-8.058578],[-49.163376,-7.803554],[-49.348352,-7.679324],[-49.390649,-7.597572],[-49.390184,-7.547136],[-49.189163,-7.247206],[-49.216448,-6.925055],[-49.010543,-6.780723],[-48.846522,-6.740105],[-48.683405,-6.662745],[-48.654105,-6.606315],[-48.667773,-6.541461],[-48.60633,-6.435007],[-48.500755,-6.351137],[-48.379755,-6.359612],[-48.423731,-6.244631],[-48.424894,-6.156626],[-48.284153,-6.097612],[-48.284179,-6.054824],[-48.333297,-6.02356],[-48.333401,-5.976172],[-48.241391,-5.944908],[-48.222736,-5.914264],[-48.291,-5.828274],[-48.297227,-5.749468],[-48.288572,-5.727195],[-48.186304,-5.701047],[-48.141061,-5.627046],[-48.209222,-5.538525],[-48.297227,-5.517079],[-48.376861,-5.393521],[-48.55561,-5.412899],[-48.723015,-5.355332],[-48.678315,-5.307531],[-48.599534,-5.321949],[-48.543285,-5.217304],[-48.498094,-5.186505],[-48.337845,-5.163767],[-48.112484,-5.266242],[-47.999597,-5.232445],[-47.899784,-5.253064],[-47.864876,-5.280866],[-47.838521,-5.383237],[-47.723051,-5.391505],[-47.593549,-5.470105],[-47.53686,-5.478838],[-47.497147,-5.526587],[-47.468596,-5.588702],[-47.482858,-5.742957],[-47.413974,-5.869874],[-47.425549,-6.103813],[-47.37302,-6.233624],[-47.376973,-6.276567],[-47.410201,-6.349845],[-47.407152,-6.479397],[-47.449346,-6.543941],[-47.487639,-6.698351],[-47.482368,-6.888261],[-47.502728,-6.983398],[-47.639903,-7.158426],[-47.685766,-7.14623],[-47.741111,-7.193359],[-47.660419,-7.263484],[-47.644683,-7.308494],[-47.588382,-7.26829],[-47.485856,-7.302293],[-47.489008,-7.38141],[-47.591482,-7.445798],[-47.504588,-7.446729],[-47.466658,-7.529773],[-47.408315,-7.533493],[-47.345787,-7.65793],[-47.313463,-7.640774],[-47.278943,-7.734515],[-47.238661,-7.751206],[-47.02162,-8.039096],[-46.964596,-8.031602],[-46.870415,-7.959824],[-46.599967,-7.898587],[-46.491446,-7.964061],[-46.466254,-8.06881],[-46.504934,-8.166685],[-46.489146,-8.20167],[-46.510024,-8.283112],[-46.543071,-8.311999],[-46.490154,-8.390805],[-46.718461,-8.406618],[-46.827162,-8.46739],[-46.921885,-8.736831],[-46.9023,-8.826903],[-47.063918,-8.976816],[-47.080893,-9.034797],[-46.890285,-9.103888],[-46.841812,-9.177476],[-46.807189,-9.362271],[-46.752748,-9.410846],[-46.540978,-9.51053],[-46.533769,-9.55058],[-46.599915,-9.651814],[-46.664614,-9.683336],[-46.66942,-9.746485],[-46.495115,-9.868958],[-46.463696,-9.930143],[-46.467029,-10.013445],[-46.347553,-10.16956],[-46.292001,-10.187802],[-46.189139,-10.175813],[-46.087336,-10.208369],[-46.023154,-10.280199],[-45.946053,-10.317716],[-45.757692,-10.33079]]]}}]}