{"type":"FeatureCollection","features":[{"type":"Feature","properties":{"country_code":"IT","region_code":"IT-AO","name":"Aosta","native_name":"Aoste","type":"Province"},"geometry":{"type":"Polygon","coordinates":[[[7.022083,45.92526],[7.090192,45.880508],[7.153547,45.876529],[7.393843,45.9157],[7.541121,45.984119],[7.643027,45.966343],[7.706279,45.925725],[7.831232,45.91446],[7.84962,45.939712],[7.863537,45.805995],[7.879402,45.755139],[7.915041,45.738242],[7.919546,45.649044],[7.880171,45.602693],[7.749324,45.564142],[7.538013,45.588795],[7.232768,45.485546],[7.146218,45.492215],[7.137934,45.511748],[7.075369,45.466286],[6.982808,45.511125],[6.952939,45.594272],[6.963378,45.640729],[6.8161,45.69685],[6.781994,45.777465],[6.800804,45.826455],[6.949012,45.857822],[7.022083,45.92526]]]}},{"type":"Feature","properties":{"country_code":"IT","region_code":"IT-VB","name":"Verbano-Cusio-Ossola","native_name":"Verbano-Cusio-Ossola","type":"Province"},"geometry":{"type":"Polygon","coordinates":[[[7.84962,45.939712],[7.898205,45.981949],[7.985848,45.999312],[8.025329,46.091141],[8.110595,46.126953],[8.129509,46.196044],[8.077315,46.262035],[8.192554,46.309164],[8.343449,46.443885],[8.441634,46.434945],[8.423237,46.275833],[8.43812,46.23537],[8.51026,46.207878],[8.601831,46.122819],[8.677485,46.095792],[8.728974,46.108236],[8.724624,46.016131],[8.590525,45.914661],[8.598413,45.82599],[8.499997,45.833944],[8.460776,45.868936],[8.38073,45.842151],[8.378796,45.79937],[8.349902,45.77241],[8.316877,45.769323],[8.322305,45.85395],[8.209079,45.945005],[7.957031,45.902411],[7.855935,45.919319],[7.84962,45.939712]]]}},{"type":"Feature","properties":{"country_code":"IT","region_code":"IT-VA","name":"Varese","native_name":"Varese","type":"Province"},"geometry":{"type":"Polygon","coordinates":[[[8.728974,46.108236],[8.834375,46.066388],[8.767919,45.983086],[8.864451,45.953424],[8.912096,45.883402],[8.900361,45.784748],[8.95092,45.725938],[8.911875,45.673885],[8.931958,45.651165],[8.977947,45.674983],[8.993987,45.648034],[9.058656,45.661372],[9.058872,45.586104],[8.988384,45.579402],[8.973069,45.615591],[8.926882,45.61591],[8.837036,45.568405],[8.795112,45.602254],[8.705178,45.556781],[8.664573,45.635718],[8.682392,45.644397],[8.674944,45.676389],[8.648862,45.680883],[8.648862,45.71716],[8.609026,45.734474],[8.56541,45.798623],[8.602038,45.832549],[8.590525,45.914661],[8.728183,46.021997],[8.728974,46.108236]]]}},{"type":"Feature","properties":{"country_code":"IT","region_code":"IT-CO","name":"Como","native_name":"Como","type":"Province"},"geometry":{"type":"Polygon","coordinates":[[[8.908885,45.828293],[9.002427,45.820718],[9.059271,45.881955],[9.051726,45.915545],[8.980516,45.964379],[9.015553,45.993111],[8.997776,46.027941],[9.059168,46.061789],[9.072087,46.118892],[9.181331,46.204054],[9.25199,46.235681],[9.440845,46.214522],[9.424593,46.16003],[9.340012,46.153548],[9.2951,46.116359],[9.271985,46.022162],[9.284575,45.966967],[9.260449,45.951839],[9.284949,45.900719],[9.3176,45.903664],[9.32852,45.859949],[9.245398,45.773509],[9.2472,45.742637],[9.185149,45.664546],[9.110705,45.69544],[9.065705,45.68475],[9.058656,45.661372],[8.993987,45.648034],[8.977947,45.674983],[8.931958,45.651165],[8.906799,45.682179],[8.95092,45.725938],[8.900361,45.784748],[8.908885,45.828293]]]}},{"type":"Feature","properties":{"country_code":"IT","region_code":"IT-SO","name":"Sondrio","native_name":"Sondrio","type":"Province"},"geometry":{"type":"Polygon","coordinates":[[[9.224831,46.231188],[9.275175,46.331385],[9.245823,46.461041],[9.282306,46.49737],[9.330986,46.501504],[9.384626,46.466416],[9.434648,46.498326],[9.444364,46.375284],[9.536451,46.298622],[9.674324,46.291801],[9.720109,46.350893],[9.768065,46.33862],[9.918443,46.37115],[9.964022,46.356086],[9.977561,46.298105],[10.031718,46.260072],[10.042673,46.220487],[10.117914,46.231133],[10.158945,46.262449],[10.092386,46.338103],[10.140755,46.402905],[10.026344,46.446262],[10.044017,46.466984],[10.032752,46.532975],[10.087839,46.604392],[10.192122,46.626819],[10.233773,46.617982],[10.234703,46.575298],[10.306637,46.547496],[10.451829,46.546704],[10.488435,46.497365],[10.624709,46.454452],[10.638662,46.411067],[10.618909,46.375362],[10.509617,46.336536],[10.445896,46.348094],[10.317883,46.277397],[10.290989,46.221289],[10.178489,46.173015],[10.153813,46.134783],[10.169524,46.056989],[10.097168,46.057143],[10.096948,46.090926],[9.888691,46.044838],[9.625876,46.051529],[9.526868,46.011429],[9.509267,46.06279],[9.414587,46.104505],[9.440845,46.214522],[9.224831,46.231188]]]}},{"type":"Feature","properties":{"country_code":"IT","region_code":"IT-BZ","name":"Trentino-South Tyrol","native_name":"Bozen","type":"Province"},"geometry":{"type":"Polygon","coordinates":[[[10.451829,46.546704],[10.459082,46.623564],[10.395623,46.638808],[10.369165,46.672398],[10.428696,46.755648],[10.417224,46.79885],[10.453811,46.864427],[10.527708,46.843214],[10.647081,46.863756],[10.738962,46.829546],[10.722942,46.786448],[10.99693,46.76911],[11.052844,46.814921],[11.091912,46.912435],[11.174491,46.963853],[11.31381,46.987262],[11.411169,46.970493],[11.471837,47.00708],[11.73487,46.970622],[12.180631,47.085215],[12.204195,47.079686],[12.203575,47.053331],[12.111178,46.992998],[12.141667,46.927989],[12.126887,46.908869],[12.26662,46.868148],[12.269101,46.788566],[12.342688,46.765131],[12.40501,46.690123],[12.469632,46.675799],[12.388674,46.619434],[12.34073,46.628157],[12.208081,46.594934],[12.174375,46.636968],[12.08967,46.666818],[12.022039,46.53941],[11.832239,46.504034],[11.81176,46.530313],[11.684099,46.507681],[11.5774,46.368089],[11.476567,46.359629],[11.408474,46.324462],[11.370725,46.269036],[11.328186,46.293503],[11.217246,46.223893],[11.153767,46.266234],[11.201755,46.339239],[11.202063,46.50399],[11.131816,46.488565],[11.085894,46.523556],[11.055286,46.515613],[11.051067,46.445982],[10.997388,46.479182],[10.839932,46.430722],[10.76272,46.484302],[10.624709,46.454452],[10.488435,46.497365],[10.451829,46.546704]]]}},{"type":"Feature","properties":{"country_code":"IT","region_code":"IT-IM","name":"Imperia","native_name":"Imperia","type":"Province"},"geometry":{"type":"Polygon","coordinates":[[[7.502289,43.792222],[7.477869,43.865515],[7.630934,43.993543],[7.687932,44.090799],[7.738008,44.099379],[7.730867,44.121703],[7.757541,44.143819],[8.002119,44.11844],[8.038572,44.067167],[7.992165,44.021332],[7.999812,44.000282],[8.09313,43.978914],[8.130226,43.940343],[7.959727,43.852851],[7.736583,43.798245],[7.502289,43.792222]]]}},{"type":"Feature","properties":{"country_code":"IT","region_code":"IT-CN","name":"Cuneo","native_name":"Cuneo","type":"Province"},"geometry":{"type":"Polygon","coordinates":[[[7.687932,44.090799],[7.64189,44.14356],[7.655636,44.176064],[7.340616,44.123664],[7.04606,44.240298],[6.982808,44.241745],[6.869844,44.362926],[6.877182,44.414396],[6.9178,44.436307],[6.861266,44.474909],[6.835737,44.534027],[6.945601,44.625443],[6.941467,44.66699],[6.982808,44.692157],[7.055155,44.684871],[7.038819,44.71212],[7.325823,44.785475],[7.357881,44.75479],[7.495122,44.76414],[7.619971,44.836166],[7.714079,44.812194],[7.799773,44.843296],[7.908537,44.82763],[7.960942,44.855183],[8.005481,44.81037],[8.129165,44.811513],[8.092295,44.755318],[8.152983,44.712504],[8.19115,44.748946],[8.265857,44.714492],[8.197456,44.632754],[8.249751,44.534591],[8.19561,44.474551],[8.205827,44.422432],[8.069158,44.30779],[8.067905,44.174361],[7.995769,44.160353],[7.994692,44.114057],[7.757541,44.143819],[7.730867,44.121703],[7.738008,44.099379],[7.687932,44.090799]]]}},{"type":"Feature","properties":{"country_code":"IT","region_code":"IT-TO","name":"Turin","native_name":"Turin","type":"Province"},"geometry":{"type":"Polygon","coordinates":[[[7.038819,44.71212],[7.000792,44.832975],[6.932682,44.861656],[6.847106,44.859072],[6.745407,44.907803],[6.723496,45.013378],[6.651666,45.03565],[6.602728,45.10345],[6.736415,45.157348],[6.844109,45.130115],[6.958727,45.2098],[7.062183,45.218533],[7.108382,45.259202],[7.092569,45.323953],[7.159645,45.39847],[7.075369,45.466286],[7.137934,45.511748],[7.146218,45.492215],[7.224551,45.484206],[7.538013,45.588795],[7.73135,45.561714],[7.880171,45.602693],[7.882214,45.534106],[8.027497,45.449104],[8.027036,45.403072],[8.010095,45.402632],[8.024487,45.352249],[7.955713,45.328112],[7.988408,45.3076],[7.988342,45.263413],[8.050525,45.185191],[8.151907,45.16859],[8.129033,45.12303],[8.096601,45.125733],[8.075134,45.097443],[8.02886,45.132654],[7.89353,45.090291],[7.899748,45.060529],[7.942683,45.037501],[7.886719,44.909478],[7.943364,44.846262],[7.908537,44.82763],[7.787995,44.841978],[7.714079,44.812194],[7.605381,44.834101],[7.495122,44.76414],[7.357881,44.75479],[7.325823,44.785475],[7.038819,44.71212]]]}},{"type":"Feature","properties":{"country_code":"IT","region_code":"IT-RN","name":"Rimini","native_name":"Rimini","type":"Province"},"geometry":{"type":"Polygon","coordinates":[[[12.490737,43.965044],[12.453325,43.979053],[12.395654,43.948409],[12.385629,43.924534],[12.420249,43.878158],[12.351453,43.869951],[12.285842,43.768866],[12.185229,43.742862],[12.102239,43.759033],[12.161675,43.925894],[12.244863,43.922125],[12.326184,43.958578],[12.394805,44.02955],[12.365383,44.063849],[12.456416,44.094303],[12.42873,44.147334],[12.458018,44.166409],[12.660899,44.008287],[12.753835,43.972398],[12.730833,43.88197],[12.668452,43.842541],[12.621584,43.846572],[12.587791,43.895407],[12.550833,43.877938],[12.542307,43.903493],[12.483091,43.929201],[12.490737,43.965044]],[[12.199336,43.780468],[12.238557,43.798815],[12.238228,43.808801],[12.177561,43.821666],[12.199336,43.780468]]]}},{"type":"Feature","properties":{"country_code":"IT","region_code":"IT-PU","name":"Pesaro and Urbino","native_name":"Pesaro e Urbino","type":"Province"},"geometry":{"type":"Polygon","coordinates":[[[12.478026,43.923216],[12.537363,43.906953],[12.555029,43.875203],[12.587791,43.895407],[12.627012,43.843628],[12.674978,43.843321],[12.740742,43.897835],[12.753835,43.972398],[12.803966,43.966864],[12.928884,43.915839],[13.177206,43.751519],[13.06741,43.721405],[12.96906,43.606225],[12.758167,43.461227],[12.608884,43.428872],[12.48832,43.52197],[12.431675,43.538428],[12.392563,43.522355],[12.309089,43.552073],[12.353123,43.573826],[12.358857,43.619408],[12.285952,43.591602],[12.20885,43.610883],[12.193491,43.64416],[12.282393,43.69328],[12.301926,43.728909],[12.33405,43.689116],[12.357627,43.722603],[12.285842,43.768866],[12.284985,43.794695],[12.335017,43.82794],[12.351453,43.869951],[12.417107,43.875456],[12.478026,43.923216]],[[12.421195,43.58971],[12.444798,43.601057],[12.429819,43.63147],[12.407577,43.610136],[12.421195,43.58971]]]}},{"type":"Feature","properties":{"country_code":"IT","region_code":"IT-BL","name":"Belluno","native_name":"Belluno","type":"Province"},"geometry":{"type":"Polygon","coordinates":[[[12.469632,46.675799],[12.748499,46.641],[12.761418,46.572555],[12.75709,46.534477],[12.646436,46.501759],[12.669858,46.459132],[12.529299,46.449025],[12.465315,46.356443],[12.338401,46.274232],[12.382786,46.229947],[12.456482,46.206381],[12.494978,46.155679],[12.497153,46.104219],[12.444243,46.082741],[12.422432,46.043079],[12.330908,46.082213],[12.19158,46.00409],[12.109863,46.002716],[12.063062,45.963693],[11.973325,45.963418],[11.925205,45.884965],[11.779724,45.887635],[11.784448,45.919044],[11.684802,45.984325],[11.702666,46.095166],[11.896465,46.132663],[11.971282,46.193098],[11.922568,46.219839],[11.924568,46.253095],[11.853464,46.273716],[11.799214,46.353191],[11.848191,46.38102],[11.895696,46.45476],[11.832239,46.504034],[12.022039,46.53941],[12.094636,46.66829],[12.177935,46.634804],[12.208081,46.594934],[12.34073,46.628157],[12.388674,46.619434],[12.469632,46.675799]]]}},{"type":"Feature","properties":{"country_code":"IT","region_code":"IT-UD","name":"Udine","native_name":"Udine","type":"Province"},"geometry":{"type":"Polygon","coordinates":[[[12.748499,46.641],[12.83041,46.609637],[13.146463,46.584961],[13.231109,46.552173],[13.478019,46.563567],[13.700951,46.519746],[13.67749,46.452075],[13.600182,46.442644],[13.434094,46.353864],[13.365261,46.290302],[13.410116,46.207982],[13.437402,46.210927],[13.422829,46.228601],[13.468304,46.223433],[13.559048,46.184107],[13.637389,46.180386],[13.645037,46.161731],[13.482257,46.044839],[13.490008,46.025564],[13.407854,45.917528],[13.422618,45.724066],[13.215505,45.778795],[13.149669,45.751532],[13.119314,45.771959],[13.122895,45.737209],[13.080577,45.727607],[13.075043,45.696845],[13.149669,45.703762],[13.095628,45.652321],[13.001931,45.781957],[12.972927,45.869156],[12.906658,45.935502],[12.945967,46.204228],[12.977959,46.256061],[12.965698,46.328922],[12.801233,46.357014],[12.641975,46.339305],[12.538374,46.363376],[12.500092,46.404181],[12.551162,46.457419],[12.669858,46.459132],[12.646436,46.501759],[12.760188,46.536927],[12.748499,46.641]]]}},{"type":"Feature","properties":{"country_code":"IT","region_code":"IT-GO","name":"Gorizia","native_name":"Gorizia","type":"Province"},"geometry":{"type":"Polygon","coordinates":[[[13.461793,46.006392],[13.509439,45.967428],[13.605867,45.985411],[13.622817,45.966394],[13.56928,45.86454],[13.583327,45.786789],[13.55128,45.792426],[13.524181,45.760077],[13.554942,45.737209],[13.401703,45.675442],[13.37672,45.683173],[13.431407,45.706855],[13.407854,45.917528],[13.461793,46.006392]]]}},{"type":"Feature","properties":{"country_code":"IT","region_code":"IT-TS","name":"Trieste","native_name":"Trieste","type":"Province"},"geometry":{"type":"Polygon","coordinates":[[[13.588514,45.806482],[13.778724,45.743411],[13.893136,45.634683],[13.887038,45.618767],[13.847764,45.584661],[13.711762,45.593207],[13.730154,45.613105],[13.808116,45.614325],[13.739268,45.649115],[13.75766,45.654975],[13.739106,45.691596],[13.583327,45.786789],[13.588514,45.806482]]]}},{"type":"Feature","properties":{"country_code":"IT","region_code":"IT-VE","name":"Venice","native_name":"Venezia","type":"Province"},"geometry":{"type":"MultiPolygon","coordinates":[[[[13.095628,45.652321],[12.943858,45.628567],[12.423676,45.438056],[12.430919,45.484036],[12.471934,45.485907],[12.465017,45.504462],[12.515147,45.492743],[12.521495,45.518988],[12.581716,45.552883],[12.537283,45.535834],[12.506602,45.57331],[12.441905,45.530341],[12.451427,45.511908],[12.403575,45.518134],[12.396739,45.539252],[12.384125,45.523017],[12.424001,45.498236],[12.350434,45.504869],[12.272716,45.463609],[12.216319,45.31623],[12.15447,45.313463],[12.149099,45.292182],[12.083386,45.32675],[12.036848,45.315126],[12.016721,45.342976],[12.033442,45.360236],[11.975918,45.397743],[12.023906,45.432614],[12.027092,45.456136],[11.981543,45.470725],[12.039573,45.571459],[12.111204,45.601419],[12.188591,45.584324],[12.25541,45.533029],[12.343916,45.583061],[12.419019,45.574546],[12.433586,45.631796],[12.498735,45.67662],[12.663025,45.701889],[12.672803,45.802062],[12.787478,45.85539],[12.826743,45.824441],[12.863218,45.846502],[12.939858,45.819322],[12.992615,45.833483],[13.001931,45.781957],[13.095628,45.652321]]],[[[12.201863,45.247439],[12.197439,45.299628],[12.217296,45.29385],[12.211111,45.242987],[12.247325,45.196926],[12.307302,45.230699],[12.321256,45.164807],[12.280898,45.128238],[12.189119,45.114329],[12.148513,45.058244],[12.075103,45.092796],[12.028718,45.145563],[11.961943,45.14319],[11.987454,45.190585],[12.152512,45.194178],[12.201863,45.247439]]],[[[12.352061,45.405463],[12.389171,45.433539],[12.430919,45.415676],[12.376231,45.422553],[12.321462,45.348009],[12.352061,45.405463]]],[[[12.329845,45.458808],[12.36378,45.449652],[12.362071,45.438137],[12.320649,45.429836],[12.329845,45.458808]]]]}},{"type":"Feature","properties":{"country_code":"IT","region_code":"IT-PD","name":"Padua","native_name":"Padova","type":"Province"},"geometry":{"type":"Polygon","coordinates":[[[12.083386,45.32675],[12.168793,45.262152],[12.199392,45.274604],[12.201863,45.247439],[12.152512,45.194178],[11.987454,45.190585],[11.961943,45.14319],[11.839995,45.138861],[11.753818,45.098695],[11.41858,45.131771],[11.40074,45.230059],[11.406035,45.252251],[11.487158,45.265863],[11.61594,45.253383],[11.581355,45.296691],[11.626135,45.333275],[11.616687,45.386988],[11.74426,45.478921],[11.738064,45.547124],[11.658193,45.538874],[11.670696,45.585522],[11.644329,45.614789],[11.724397,45.679663],[11.853333,45.680817],[11.905496,45.624732],[11.954736,45.610559],[12.020544,45.645804],[12.069038,45.640146],[12.092439,45.598354],[12.034695,45.568679],[11.981543,45.470725],[12.027092,45.456136],[12.023906,45.432614],[11.975918,45.397743],[12.033442,45.360236],[12.016721,45.342976],[12.036848,45.315126],[12.083386,45.32675]]]}},{"type":"Feature","properties":{"country_code":"IT","region_code":"IT-RO","name":"Rovigo","native_name":"Rovigo","type":"Province"},"geometry":{"type":"Polygon","coordinates":[[[12.321256,45.164807],[12.328461,45.10102],[12.307302,45.128363],[12.296723,45.088568],[12.340831,45.081448],[12.376231,45.038967],[12.355154,45.024644],[12.368826,45.010972],[12.386567,45.038764],[12.368826,45.065619],[12.486176,44.976508],[12.502615,44.991441],[12.533865,44.970038],[12.487315,44.86225],[12.444591,44.820502],[12.424001,44.854641],[12.438324,44.901109],[12.406912,44.891303],[12.391612,44.858832],[12.415863,44.843573],[12.396739,44.826646],[12.424001,44.820502],[12.39796,44.793769],[12.293379,44.864752],[12.287644,44.935351],[12.14803,44.933428],[12.087209,44.970485],[11.869636,44.985371],[11.797346,44.977648],[11.622268,44.895086],[11.524907,44.939976],[11.431897,44.937669],[11.419021,44.96687],[11.272683,45.033788],[11.272837,45.059573],[11.195735,45.063396],[11.190923,45.087533],[11.210303,45.104298],[11.332493,45.089522],[11.385864,45.053036],[11.445212,45.092741],[11.41858,45.131771],[11.753818,45.098695],[11.839995,45.138861],[12.028718,45.145563],[12.075103,45.092796],[12.148513,45.058244],[12.189119,45.114329],[12.266353,45.120866],[12.321256,45.164807]]]}},{"type":"Feature","properties":{"country_code":"IT","region_code":"IT-FE","name":"Ferrara","native_name":"Ferrara","type":"Province"},"geometry":{"type":"Polygon","coordinates":[[[12.393397,44.793452],[12.375662,44.792222],[12.302989,44.842922],[12.266368,44.826646],[12.246593,44.711615],[12.269582,44.629755],[12.205334,44.573472],[12.054778,44.550708],[11.998066,44.600806],[11.789348,44.554422],[11.761509,44.571978],[11.795896,44.620515],[11.770496,44.64763],[11.673201,44.635929],[11.606272,44.696409],[11.467712,44.752252],[11.375032,44.777466],[11.264597,44.707],[11.265366,44.781916],[11.368638,44.842626],[11.23489,44.905973],[11.257017,44.947337],[11.302961,44.96007],[11.524907,44.939976],[11.622268,44.895086],[11.797346,44.977648],[11.986025,44.985261],[12.087209,44.970485],[12.14803,44.933428],[12.287644,44.935351],[12.293379,44.864752],[12.393397,44.793452]]]}},{"type":"Feature","properties":{"country_code":"IT","region_code":"IT-RA","name":"Ravenna","native_name":"Ravenna","type":"Province"},"geometry":{"type":"Polygon","coordinates":[[[12.269582,44.629755],[12.318207,44.361151],[12.385615,44.228496],[12.354924,44.195509],[12.287468,44.228765],[12.21876,44.214878],[12.208938,44.255506],[12.17354,44.243256],[12.118916,44.265624],[12.031641,44.330279],[11.886533,44.174745],[11.764321,44.197168],[11.71998,44.131684],[11.644482,44.117462],[11.588166,44.128833],[11.610798,44.152289],[11.58832,44.170636],[11.526269,44.162223],[11.554966,44.217405],[11.634353,44.254671],[11.671685,44.317688],[11.756169,44.318831],[11.82033,44.395702],[11.742415,44.506477],[11.778098,44.519859],[11.789348,44.554422],[11.998066,44.600806],[12.054778,44.550708],[12.177737,44.564199],[12.269582,44.629755]]]}},{"type":"Feature","properties":{"country_code":"IT","region_code":"IT-FC","name":"Forlì-Cesena","native_name":"Forlì-Cesena","type":"Province"},"geometry":{"type":"Polygon","coordinates":[[[12.385615,44.228496],[12.458018,44.166409],[12.42873,44.147334],[12.456416,44.094303],[12.365383,44.063849],[12.394805,44.02955],[12.326184,43.958578],[12.244863,43.922125],[12.164158,43.928245],[12.102239,43.759033],[11.968601,43.77314],[11.813013,43.824402],[11.708884,43.884838],[11.685615,43.96205],[11.650701,43.990856],[11.652393,44.017729],[11.722991,44.074989],[11.74738,44.126614],[11.71998,44.131684],[11.724353,44.156343],[11.757839,44.193762],[11.886533,44.174745],[12.031641,44.330279],[12.118916,44.265624],[12.17354,44.243256],[12.208938,44.255506],[12.21876,44.214878],[12.287468,44.228765],[12.347498,44.191895],[12.385615,44.228496]]]}},{"type":"Feature","properties":{"country_code":"IT","region_code":"IT-AN","name":"Ancona","native_name":"Ancona","type":"Province"},"geometry":{"type":"Polygon","coordinates":[[[13.177206,43.751519],[13.399669,43.635647],[13.473399,43.612006],[13.516124,43.631741],[13.615571,43.560492],[13.646966,43.475281],[13.608223,43.419743],[13.531362,43.448098],[13.315877,43.399649],[13.257957,43.457305],[13.19696,43.412876],[13.090964,43.429114],[13.010852,43.308715],[12.944033,43.271625],[12.887937,43.27892],[12.890728,43.227295],[12.851724,43.20609],[12.746499,43.37883],[12.758167,43.461227],[12.96906,43.606225],[13.06741,43.721405],[13.177206,43.751519]]]}},{"type":"Feature","properties":{"country_code":"IT","region_code":"IT-MC","name":"Macerata","native_name":"Macerata","type":"Province"},"geometry":{"type":"Polygon","coordinates":[[[13.646966,43.475281],[13.744997,43.292246],[13.600994,43.267835],[13.590139,43.210376],[13.533691,43.211475],[13.508445,43.17344],[13.452502,43.154818],[13.434265,43.100062],[13.466719,43.048833],[13.440681,43.016424],[13.372214,43.045933],[13.223811,42.960635],[13.241807,42.891959],[13.224294,42.847674],[13.150444,42.823613],[13.043064,42.919348],[12.988594,42.915679],[12.972114,42.888696],[12.964666,42.926808],[12.907097,42.971533],[12.892837,43.09391],[12.833884,43.142953],[12.851724,43.20609],[12.890728,43.227295],[12.887937,43.27892],[12.944033,43.271625],[13.010852,43.308715],[13.083098,43.424654],[13.19696,43.412876],[13.257957,43.457305],[13.315877,43.399649],[13.531362,43.448098],[13.608223,43.419743],[13.646966,43.475281]]]}},{"type":"Feature","properties":{"country_code":"IT","region_code":"IT-FM","name":"Fermo","native_name":"Fermo","type":"Province"},"geometry":{"type":"Polygon","coordinates":[[[13.744997,43.292246],[13.853485,43.067357],[13.779895,43.076464],[13.550413,42.992517],[13.418049,42.974038],[13.388167,42.89163],[13.294739,42.924468],[13.241807,42.891959],[13.216231,42.951143],[13.343518,43.03799],[13.372214,43.045933],[13.419214,43.01182],[13.458765,43.030014],[13.463401,43.069619],[13.434265,43.100062],[13.452502,43.154818],[13.508445,43.17344],[13.533691,43.211475],[13.590139,43.210376],[13.600994,43.267835],[13.744997,43.292246]]]}},{"type":"Feature","properties":{"country_code":"IT","region_code":"IT-AP","name":"Ascoli Piceno","native_name":"Ascoli Piceno","type":"Province"},"geometry":{"type":"Polygon","coordinates":[[[13.853485,43.067357],[13.905527,42.901561],[13.719141,42.863021],[13.664978,42.811441],[13.536372,42.811155],[13.49012,42.744105],[13.411567,42.695117],[13.337564,42.687658],[13.26791,42.744622],[13.194478,42.734602],[13.203464,42.759849],[13.248948,42.767781],[13.255649,42.8062],[13.224294,42.847674],[13.286785,42.923117],[13.388167,42.89163],[13.418049,42.974038],[13.550413,42.992517],[13.779895,43.076464],[13.853485,43.067357]]]}},{"type":"Feature","properties":{"country_code":"IT","region_code":"IT-TE","name":"Teramo","native_name":"Teramo","type":"Province"},"geometry":{"type":"Polygon","coordinates":[[[13.905527,42.901561],[14.001231,42.698432],[14.151263,42.531564],[13.994568,42.540507],[13.939109,42.500846],[13.825071,42.49521],[13.765415,42.420086],[13.531648,42.444058],[13.417588,42.529685],[13.375884,42.603766],[13.386299,42.644426],[13.337564,42.687658],[13.429761,42.701731],[13.536372,42.811155],[13.664978,42.811441],[13.719141,42.863021],[13.905527,42.901561]]]}},{"type":"Feature","properties":{"country_code":"IT","region_code":"IT-PE","name":"Pescara","native_name":"Pescara","type":"Province"},"geometry":{"type":"Polygon","coordinates":[[[14.151263,42.531564],[14.257159,42.446075],[14.228401,42.416823],[14.167537,42.426194],[14.116472,42.338237],[14.077361,42.327361],[14.125547,42.231747],[14.091643,42.190142],[14.111638,42.103372],[14.001687,42.075807],[13.889341,42.163028],[13.795408,42.151162],[13.805559,42.2349],[13.843594,42.269265],[13.806899,42.374591],[13.765415,42.420086],[13.810525,42.484795],[13.939109,42.500846],[13.994568,42.540507],[14.151263,42.531564]]]}},{"type":"Feature","properties":{"country_code":"IT","region_code":"IT-CH","name":"Chieti","native_name":"Chieti","type":"Province"},"geometry":{"type":"Polygon","coordinates":[[[14.257159,42.446075],[14.38738,42.372952],[14.560232,42.225653],[14.709239,42.175482],[14.729503,42.099107],[14.763357,42.077948],[14.744341,42.013042],[14.647046,41.947673],[14.644563,41.91879],[14.524768,41.795095],[14.473418,41.769025],[14.448457,41.766904],[14.432944,41.83703],[14.376716,41.873263],[14.348042,41.862046],[14.282871,41.906233],[14.229411,41.877366],[14.117175,41.889523],[14.081931,41.939313],[14.102278,42.069798],[14.085381,42.086684],[14.114099,42.111875],[14.091643,42.190142],[14.125547,42.231747],[14.077361,42.327361],[14.116472,42.338237],[14.167537,42.426194],[14.228401,42.416823],[14.257159,42.446075]]]}},{"type":"Feature","properties":{"country_code":"IT","region_code":"IT-CB","name":"Campobasso","native_name":"Campobasso","type":"Province"},"geometry":{"type":"Polygon","coordinates":[[[14.763357,42.077948],[14.993663,42.010647],[15.14354,41.931183],[15.102627,41.763751],[15.113064,41.718334],[15.157097,41.70169],[15.017615,41.619732],[14.936272,41.623786],[14.935042,41.525996],[14.995291,41.482073],[14.926824,41.451575],[14.827024,41.425691],[14.779585,41.444675],[14.746824,41.409717],[14.58761,41.370133],[14.382695,41.441961],[14.392251,41.499387],[14.458301,41.528117],[14.501851,41.593892],[14.423189,41.644495],[14.519033,41.705755],[14.481152,41.745679],[14.490381,41.776079],[14.644563,41.91879],[14.647046,41.947673],[14.744341,42.013042],[14.763357,42.077948]]]}},{"type":"Feature","properties":{"country_code":"IT","region_code":"IT-FG","name":"Foggia","native_name":"Foggia","type":"Province"},"geometry":{"type":"Polygon","coordinates":[[[15.14354,41.931183],[15.446056,41.906928],[16.02711,41.944078],[16.17921,41.893297],[16.184337,41.779608],[15.900076,41.614651],[15.896332,41.536444],[15.971734,41.453904],[15.940313,41.429734],[16.033191,41.367156],[15.981973,41.348402],[16.020183,41.235199],[15.771101,41.10455],[15.583169,41.10455],[15.55856,41.055122],[15.406026,41.105626],[15.280342,41.103847],[15.202866,41.153384],[15.262456,41.247537],[15.178696,41.289054],[15.143452,41.274618],[15.128247,41.307709],[15.075337,41.330396],[15.097046,41.425845],[14.93458,41.529402],[14.939063,41.626554],[15.017615,41.619732],[15.157097,41.70169],[15.113064,41.718334],[15.102627,41.763751],[15.14354,41.931183]]]}},{"type":"Feature","properties":{"country_code":"IT","region_code":"IT-BT","name":"Barletta-Andria-Trani","native_name":"Barletta-Andria Trani","type":"Province"},"geometry":{"type":"Polygon","coordinates":[[[15.971734,41.453904],[16.520681,41.250149],[16.539815,41.220422],[16.500374,41.151912],[16.412879,41.193781],[16.338062,41.160272],[16.345598,41.118513],[16.279395,41.054968],[16.253269,40.972263],[16.196624,40.911432],[16.110007,40.90417],[15.987576,40.949906],[16.031345,41.016923],[15.858333,41.136817],[16.020183,41.235199],[15.981973,41.348402],[16.033191,41.367156],[15.940313,41.429734],[15.971734,41.453904]]]}},{"type":"Feature","properties":{"country_code":"IT","region_code":"IT-BA","name":"Bari","native_name":"Bari","type":"Province"},"geometry":{"type":"Polygon","coordinates":[[[16.544164,41.235194],[17.05714,41.081855],[17.276378,40.980211],[17.39226,40.893686],[17.315581,40.815906],[17.391453,40.792922],[17.392442,40.755437],[17.325095,40.742539],[17.208508,40.763391],[17.124903,40.709448],[17.024619,40.716139],[16.996912,40.763908],[16.946419,40.743704],[16.923084,40.700879],[16.862132,40.721467],[16.817923,40.6932],[16.78615,40.732223],[16.715662,40.715392],[16.58688,40.762315],[16.537991,40.757568],[16.541089,40.730465],[16.509317,40.761183],[16.427974,40.705988],[16.396443,40.712964],[16.234812,40.847063],[16.196624,40.911432],[16.253269,40.972263],[16.279395,41.054968],[16.345598,41.118513],[16.338062,41.160272],[16.412879,41.193781],[16.500374,41.151912],[16.544164,41.235194]]]}},{"type":"Feature","properties":{"country_code":"IT","region_code":"IT-BR","name":"Brindisi","native_name":"Brindisi","type":"Province"},"geometry":{"type":"Polygon","coordinates":[[[17.39226,40.893686],[17.476085,40.830146],[17.955821,40.670478],[17.954926,40.646918],[18.007009,40.650702],[18.043224,40.601996],[18.037446,40.556952],[18.098928,40.517934],[17.798496,40.379584],[17.634053,40.459718],[17.552337,40.436921],[17.485298,40.487535],[17.448406,40.554904],[17.462073,40.614658],[17.353858,40.738287],[17.392442,40.755437],[17.397034,40.786397],[17.315581,40.815906],[17.39226,40.893686]]]}},{"type":"Feature","properties":{"country_code":"IT","region_code":"IT-LE","name":"Lecce","native_name":"Lecce","type":"Province"},"geometry":{"type":"Polygon","coordinates":[[[18.098928,40.517934],[18.238292,40.457668],[18.303233,40.399888],[18.437266,40.26789],[18.516124,40.139228],[18.516124,40.104478],[18.411388,39.978827],[18.389171,39.817084],[18.368337,39.796617],[18.211274,39.839342],[18.071544,39.911526],[17.995372,39.995266],[18.020274,40.010199],[18.015798,40.0362],[17.967459,40.057318],[18.010997,40.096015],[17.926036,40.176256],[17.912771,40.255316],[17.847667,40.290025],[17.764022,40.293433],[17.819876,40.397327],[17.943428,40.43223],[18.098928,40.517934]]]}},{"type":"Feature","properties":{"country_code":"IT","region_code":"IT-TA","name":"Taranto","native_name":"Taranto","type":"Province"},"geometry":{"type":"Polygon","coordinates":[[[17.764022,40.293433],[17.493907,40.30744],[17.200206,40.420396],[17.243012,40.441392],[17.22755,40.474433],[17.295746,40.473212],[17.323253,40.498481],[17.189952,40.481879],[17.156016,40.512397],[17.049571,40.51911],[16.976085,40.492621],[16.863277,40.39092],[16.786304,40.473451],[16.730889,40.477527],[16.711311,40.551531],[16.71999,40.673952],[16.69659,40.69721],[16.78615,40.732223],[16.812232,40.693463],[16.862132,40.721467],[16.923084,40.700879],[16.946419,40.743704],[16.996912,40.763908],[17.024619,40.716139],[17.124903,40.709448],[17.208508,40.763391],[17.353682,40.74856],[17.462073,40.614658],[17.448406,40.554904],[17.49044,40.482647],[17.552337,40.436921],[17.634053,40.459718],[17.798496,40.379584],[17.764022,40.293433]]]}},{"type":"Feature","properties":{"country_code":"IT","region_code":"IT-MT","name":"Matera","native_name":"Matera","type":"Province"},"geometry":{"type":"MultiPolygon","coordinates":[[[[16.863277,40.39092],[16.679454,40.146064],[16.640049,40.118749],[16.426875,40.136566],[16.398821,40.05553],[16.355684,40.117922],[16.39418,40.157693],[16.351048,40.206989],[16.374646,40.309854],[16.330986,40.306547],[16.302818,40.273566],[16.215388,40.265722],[16.183989,40.284871],[16.152898,40.373673],[16.108975,40.403226],[16.136485,40.445161],[16.095813,40.529273],[16.11917,40.582677],[16.052791,40.63228],[16.056196,40.656362],[16.145845,40.695737],[16.121521,40.796109],[16.245401,40.837547],[16.420064,40.703252],[16.509317,40.761183],[16.541089,40.730465],[16.537991,40.757568],[16.58688,40.762315],[16.691162,40.735706],[16.715662,40.715392],[16.69659,40.69721],[16.71999,40.673952],[16.711311,40.551531],[16.730889,40.477527],[16.786304,40.473451],[16.863277,40.39092]]],[[[15.939801,40.638091],[15.983234,40.646778],[15.984475,40.605827],[15.939801,40.638091]]]]}},{"type":"Feature","properties":{"country_code":"IT","region_code":"IT-CS","name":"Cosenza","native_name":"Cosenza","type":"Province"},"geometry":{"type":"Polygon","coordinates":[[[16.640049,40.118749],[16.596934,40.04678],[16.631602,39.966213],[16.49171,39.805487],[16.528575,39.721503],[16.515636,39.689602],[16.624848,39.625312],[16.782481,39.61164],[16.846202,39.55268],[17.019201,39.479223],[16.964524,39.403888],[16.901309,39.400735],[16.877029,39.352593],[16.716738,39.353329],[16.708543,39.335773],[16.75374,39.281193],[16.762969,39.19651],[16.642976,39.203223],[16.539441,39.15429],[16.508064,39.160728],[16.469348,39.049557],[16.311936,39.11041],[16.096888,39.050413],[16.034027,39.345242],[15.995396,39.438768],[15.867524,39.56391],[15.806407,39.695502],[15.774425,39.891099],[15.745808,39.924604],[15.841128,40.003972],[15.903508,39.985515],[15.946355,40.00562],[15.981995,39.978901],[16.021282,39.986867],[16.011043,39.954017],[16.068919,39.906688],[16.197393,39.914511],[16.262717,39.942185],[16.354278,39.9008],[16.344038,39.935242],[16.38761,40.000709],[16.42114,40.132743],[16.640049,40.118749]]]}},{"type":"Feature","properties":{"country_code":"IT","region_code":"IT-KR","name":"Crotone","native_name":"Crotene","type":"Province"},"geometry":{"type":"Polygon","coordinates":[[[17.019201,39.479223],[17.088552,39.422593],[17.158702,39.406195],[17.114919,39.282782],[17.145681,39.210679],[17.124522,39.090888],[17.158458,39.040473],[17.206391,39.029486],[17.172374,39.005194],[17.172374,38.960517],[17.104015,38.899075],[17.070567,38.922797],[17.021983,38.905951],[16.981293,38.937201],[16.892235,38.929605],[16.901331,38.959985],[16.87448,39.015115],[16.67721,39.094821],[16.660972,39.149082],[16.613181,39.194269],[16.762969,39.19651],[16.75374,39.281193],[16.708543,39.335773],[16.716738,39.353329],[16.877029,39.352593],[16.901309,39.400735],[16.964524,39.403888],[17.019201,39.479223]]]}},{"type":"Feature","properties":{"country_code":"IT","region_code":"IT-CZ","name":"Catanzaro","native_name":"Catanzaro","type":"Province"},"geometry":{"type":"Polygon","coordinates":[[[16.892235,38.929605],[16.727794,38.878852],[16.574392,38.785061],[16.534841,38.699897],[16.573492,38.467325],[16.536848,38.465095],[16.428172,38.513336],[16.435005,38.571619],[16.332239,38.660817],[16.372185,38.746444],[16.365879,38.779854],[16.278516,38.825458],[16.25929,38.798124],[16.213689,38.8104],[16.214692,38.919013],[16.154307,38.955024],[16.096888,39.050413],[16.311936,39.11041],[16.469348,39.049557],[16.493123,39.150236],[16.613181,39.194269],[16.660972,39.149082],[16.67721,39.094821],[16.87448,39.015115],[16.901331,38.959985],[16.892235,38.929605]]]}},{"type":"Feature","properties":{"country_code":"IT","region_code":"IT-RC","name":"Reggio Calabria","native_name":"Reggio Calabria","type":"Province"},"geometry":{"type":"Polygon","coordinates":[[[16.573492,38.467325],[16.561371,38.416327],[16.508149,38.371527],[16.339854,38.300849],[16.169444,38.143215],[16.125499,38.004828],[16.077159,37.939887],[16.000987,37.919013],[15.761485,37.925238],[15.645518,37.988349],[15.638357,38.027737],[15.658458,38.042548],[15.624034,38.092108],[15.647797,38.143134],[15.632823,38.220282],[15.812836,38.300605],[15.914422,38.505622],[16.082959,38.5547],[16.249007,38.489353],[16.276253,38.441211],[16.365022,38.431664],[16.390664,38.462338],[16.35219,38.528596],[16.384666,38.568026],[16.432918,38.543098],[16.431072,38.510326],[16.573492,38.467325]]]}},{"type":"Feature","properties":{"country_code":"IT","region_code":"IT-VV","name":"Vibo Valentia","native_name":"Vibo Valentia","type":"Province"},"geometry":{"type":"Polygon","coordinates":[[[15.914422,38.505622],[15.900076,38.578274],[15.83546,38.628241],[15.844493,38.660386],[16.002615,38.725409],[16.135997,38.723822],[16.17921,38.748277],[16.213689,38.8104],[16.25929,38.798124],[16.278516,38.825458],[16.365879,38.779854],[16.372185,38.746444],[16.332239,38.660817],[16.435005,38.571619],[16.41991,38.553964],[16.384666,38.568026],[16.35219,38.528596],[16.390664,38.462338],[16.376052,38.434235],[16.276253,38.441211],[16.249007,38.489353],[16.082959,38.5547],[15.914422,38.505622]]]}},{"type":"Feature","properties":{"country_code":"IT","region_code":"IT-PZ","name":"Potenza","native_name":"Potenza","type":"Province"},"geometry":{"type":"Polygon","coordinates":[[[15.745808,39.924604],[15.646651,40.046932],[15.664336,40.066957],[15.649153,40.07768],[15.695559,40.166097],[15.775452,40.219821],[15.789141,40.261832],[15.716961,40.318445],[15.701294,40.379573],[15.537883,40.484635],[15.517581,40.564703],[15.445598,40.605661],[15.48761,40.661856],[15.386162,40.718347],[15.368914,40.802184],[15.34426,40.820685],[15.369221,40.898952],[15.470867,40.901797],[15.536653,40.933262],[15.57794,41.011034],[15.554736,41.069196],[15.583169,41.10455],[15.771101,41.10455],[15.858333,41.136817],[16.031345,41.016923],[15.984016,40.952543],[16.110007,40.90417],[16.181419,40.918123],[16.245401,40.837547],[16.121521,40.796109],[16.145845,40.695737],[16.056196,40.656362],[16.052791,40.63228],[16.11917,40.582677],[16.095813,40.529273],[16.136485,40.445161],[16.108975,40.403226],[16.152898,40.373673],[16.183989,40.284871],[16.215388,40.265722],[16.302818,40.273566],[16.330986,40.306547],[16.374646,40.309854],[16.351048,40.206989],[16.39418,40.157693],[16.355684,40.117922],[16.398821,40.05553],[16.344038,39.935242],[16.354278,39.9008],[16.262717,39.942185],[16.197393,39.914511],[16.068919,39.906688],[16.011043,39.954017],[16.021282,39.986867],[15.981995,39.978901],[15.946355,40.00562],[15.903508,39.985515],[15.841128,40.003972],[15.745808,39.924604]],[[15.984475,40.605827],[15.983234,40.646778],[15.939801,40.638091],[15.96462,40.608309],[15.984475,40.605827]]]}},{"type":"Feature","properties":{"country_code":"IT","region_code":"IT-SA","name":"Salerno","native_name":"Salerno","type":"Province"},"geometry":{"type":"Polygon","coordinates":[[[15.646651,40.046932],[15.624278,40.077786],[15.534923,40.077786],[15.429602,39.999793],[15.360943,39.998891],[15.314301,40.033759],[15.261241,40.029364],[15.279145,40.047675],[15.263438,40.073717],[15.127208,40.169623],[15.047211,40.168931],[15.003122,40.210259],[14.911143,40.241645],[14.932384,40.333726],[15.000433,40.368828],[14.888845,40.573065],[14.809744,40.652981],[14.752208,40.676703],[14.5713,40.617743],[14.471365,40.624661],[14.492578,40.649507],[14.549553,40.64587],[14.582205,40.686827],[14.570142,40.722973],[14.513145,40.74277],[14.515693,40.769577],[14.579348,40.794955],[14.580117,40.846766],[14.668008,40.824179],[14.710239,40.848392],[14.762315,40.805842],[14.907796,40.806985],[15.111658,40.765775],[15.17239,40.711382],[15.237385,40.723489],[15.252547,40.787935],[15.322068,40.837483],[15.368914,40.802184],[15.391128,40.712887],[15.48761,40.661856],[15.445598,40.605661],[15.517581,40.564703],[15.543311,40.477835],[15.701294,40.379573],[15.716961,40.318445],[15.789141,40.261832],[15.775452,40.219821],[15.695559,40.166097],[15.646651,40.046932]]]}},{"type":"Feature","properties":{"country_code":"IT","region_code":"IT-NA","name":"Naples","native_name":"Napoli","type":"Province"},"geometry":{"type":"MultiPolygon","coordinates":[[[[14.492578,40.649507],[14.342621,40.570624],[14.337738,40.624416],[14.47637,40.695102],[14.474132,40.729682],[14.2942,40.838772],[14.223643,40.831366],[14.203461,40.801215],[14.08253,40.831285],[14.08253,40.783515],[14.047697,40.789589],[14.044465,40.874205],[14.010078,40.936831],[14.125129,40.981536],[14.152178,40.954367],[14.245891,40.944358],[14.272874,40.947039],[14.314885,41.004849],[14.473638,40.981602],[14.514529,40.985458],[14.541336,41.017637],[14.571965,41.00954],[14.582556,40.942908],[14.669085,40.900929],[14.579656,40.899248],[14.60554,40.847645],[14.56979,40.842042],[14.584204,40.801426],[14.510134,40.756624],[14.570142,40.722973],[14.582205,40.686827],[14.549553,40.64587],[14.492578,40.649507]]],[[[13.944672,40.701606],[13.890147,40.694159],[13.849132,40.715277],[13.862804,40.762397],[13.965831,40.735053],[13.944672,40.701606]]]]}},{"type":"Feature","properties":{"country_code":"IT","region_code":"IT-CE","name":"Caserta","native_name":"Caserta","type":"Province"},"geometry":{"type":"Polygon","coordinates":[[[14.010078,40.936831],[13.917979,41.023668],[13.851725,41.147316],[13.743664,41.237603],[13.865435,41.302468],[13.862183,41.425999],[13.961807,41.470702],[14.031482,41.398148],[14.104431,41.390392],[14.080195,41.447708],[14.120867,41.495663],[14.222512,41.494806],[14.513848,41.389031],[14.444107,41.350072],[14.488074,41.306973],[14.420398,41.243087],[14.453621,41.165436],[14.356589,41.149286],[14.43189,41.105769],[14.429275,41.047959],[14.515891,41.044641],[14.530701,40.995159],[14.473638,40.981602],[14.314885,41.004849],[14.272874,40.947039],[14.161209,40.951829],[14.125129,40.981536],[14.010078,40.936831]]]}},{"type":"Feature","properties":{"country_code":"IT","region_code":"IT-LT","name":"Latina","native_name":"Latina","type":"Province"},"geometry":{"type":"MultiPolygon","coordinates":[[[[13.743664,41.237603],[13.708507,41.256415],[13.594412,41.253119],[13.56365,41.237982],[13.57545,41.208075],[13.543956,41.20661],[13.285818,41.295722],[13.044607,41.227525],[12.923839,41.379788],[12.862153,41.41352],[12.774405,41.42094],[12.740413,41.480809],[12.576057,41.58251],[12.566213,41.635409],[12.638152,41.664127],[12.659883,41.603637],[12.746982,41.573754],[12.847573,41.640683],[12.853528,41.701294],[12.934541,41.709622],[13.020081,41.577786],[13.103731,41.545431],[13.19261,41.588135],[13.209705,41.546596],[13.265779,41.52771],[13.29898,41.470339],[13.258879,41.435678],[13.303462,41.406652],[13.419851,41.400093],[13.445735,41.460166],[13.565376,41.403169],[13.625449,41.319058],[13.707385,41.347227],[13.786948,41.308577],[13.872576,41.335405],[13.863106,41.299337],[13.810042,41.25671],[13.743664,41.237603]]],[[[13.414724,40.785875],[13.424164,40.800238],[13.431977,40.801459],[13.414724,40.785875]]]]}},{"type":"Feature","properties":{"country_code":"IT","region_code":"IT-RM","name":"Rome","native_name":"Roma","type":"Province"},"geometry":{"type":"Polygon","coordinates":[[[12.774405,41.42094],[12.653982,41.465644],[12.635265,41.447496],[12.448009,41.630764],[12.223481,41.750678],[12.206228,41.827338],[12.147472,41.903469],[11.934581,42.03148],[11.827485,42.034166],[11.739819,42.159937],[11.825889,42.147438],[11.886819,42.230473],[11.914109,42.233362],[12.032476,42.153931],[12.129397,42.150086],[12.222979,42.181726],[12.325986,42.149009],[12.369756,42.172904],[12.382917,42.233801],[12.415986,42.231099],[12.423391,42.18177],[12.482366,42.22098],[12.480278,42.258543],[12.520399,42.295772],[12.560544,42.270628],[12.581682,42.291128],[12.62978,42.241404],[12.629385,42.222233],[12.611082,42.237735],[12.606094,42.191768],[12.67032,42.152492],[12.77592,42.186626],[12.873523,42.099867],[13.029582,42.115643],[13.011995,42.102284],[13.02843,42.031928],[13.297857,41.947046],[13.184436,41.848247],[13.082637,41.858014],[13.007468,41.814871],[13.000964,41.769409],[13.157564,41.635409],[13.156882,41.588574],[13.175208,41.583598],[13.103731,41.545431],[13.020081,41.577786],[13.003623,41.627048],[12.924653,41.71272],[12.853528,41.701294],[12.847573,41.640683],[12.746982,41.573754],[12.659883,41.603637],[12.638152,41.664127],[12.566213,41.635409],[12.576057,41.58251],[12.740413,41.480809],[12.774405,41.42094]],[[12.453031,41.903915],[12.454035,41.902752],[12.453983,41.903862],[12.453031,41.903915]]]}},{"type":"Feature","properties":{"country_code":"IT","region_code":"IT-VT","name":"Viterbo","native_name":"Viterbo","type":"Province"},"geometry":{"type":"Polygon","coordinates":[[[11.739819,42.159937],[11.658214,42.279364],[11.451496,42.374371],[11.487136,42.43049],[11.601812,42.447387],[11.607854,42.487333],[11.56593,42.516117],[11.588166,42.566138],[11.671157,42.577036],[11.786909,42.651249],[11.807124,42.742512],[11.750479,42.806332],[11.889016,42.850387],[11.973457,42.760288],[11.927996,42.716596],[11.94876,42.691712],[12.025137,42.645558],[12.152358,42.675814],[12.235833,42.64758],[12.280217,42.510404],[12.451516,42.42103],[12.43106,42.393092],[12.465133,42.386932],[12.472412,42.318429],[12.520399,42.295772],[12.480278,42.258543],[12.482366,42.22098],[12.423391,42.18177],[12.415986,42.231099],[12.382917,42.233801],[12.369756,42.172904],[12.325986,42.149009],[12.222979,42.181726],[12.129397,42.150086],[12.032476,42.153931],[11.914109,42.233362],[11.886819,42.230473],[11.825889,42.147438],[11.739819,42.159937]]]}},{"type":"Feature","properties":{"country_code":"IT","region_code":"IT-GR","name":"Grosseto","native_name":"Grosseto","type":"Province"},"geometry":{"type":"MultiPolygon","coordinates":[[[[11.451496,42.374371],[11.245616,42.422309],[11.211274,42.418891],[11.183849,42.366278],[11.094493,42.402737],[11.099132,42.442857],[11.179692,42.456498],[11.18686,42.520819],[11.158458,42.564032],[11.128673,42.558051],[11.07781,42.632229],[11.005707,42.667914],[10.943614,42.742987],[10.731293,42.804429],[10.764903,42.835273],[10.77768,42.894721],[10.705054,42.940938],[10.738374,43.011095],[10.785505,42.997044],[10.790955,43.014765],[10.779001,43.067092],[10.724333,43.075552],[10.737385,43.145601],[11.039553,43.192633],[11.089321,43.084802],[11.361013,43.083253],[11.358926,42.999614],[11.396807,42.966831],[11.575444,42.967205],[11.619741,42.928994],[11.635012,42.799751],[11.747227,42.798477],[11.777615,42.776823],[11.807893,42.738349],[11.786909,42.651249],[11.671157,42.577036],[11.588166,42.566138],[11.56593,42.516117],[11.607854,42.487333],[11.601812,42.447387],[11.487136,42.43049],[11.451496,42.374371]]],[[[10.895844,42.386705],[10.939764,42.33066],[10.923331,42.318728],[10.861827,42.366278],[10.895844,42.386705]]]]}},{"type":"Feature","properties":{"country_code":"IT","region_code":"IT-LI","name":"Livorno","native_name":"Livorno","type":"Province"},"geometry":{"type":"MultiPolygon","coordinates":[[[[10.705054,42.940938],[10.583263,42.959703],[10.518565,42.925279],[10.499522,42.940497],[10.47755,42.990058],[10.5171,43.023912],[10.54656,43.147121],[10.528168,43.246772],[10.437022,43.388577],[10.326345,43.476874],[10.293418,43.57913],[10.490456,43.632394],[10.471055,43.549909],[10.495994,43.387696],[10.585115,43.290532],[10.701746,43.302969],[10.66894,43.253552],[10.681772,43.197302],[10.645078,43.192425],[10.638706,43.165925],[10.710974,43.126133],[10.724333,43.075552],[10.787747,43.055678],[10.785505,42.997044],[10.738374,43.011095],[10.705054,42.940938]]],[[[10.44337,42.845445],[10.430024,42.787584],[10.388845,42.763495],[10.425141,42.74079],[10.415538,42.708889],[10.337901,42.764838],[10.313731,42.742987],[10.245372,42.75727],[10.229666,42.735419],[10.106781,42.757392],[10.10141,42.784003],[10.132986,42.811916],[10.26588,42.804429],[10.272146,42.827338],[10.326834,42.826239],[10.347341,42.805854],[10.412364,42.873358],[10.44337,42.845445]]],[[[9.840099,43.065172],[9.842127,43.024956],[9.801498,43.007805],[9.784595,43.028442],[9.806944,43.066408],[9.840099,43.065172]]],[[[10.294444,42.32803],[10.315929,42.340766],[10.313243,42.32392],[10.294444,42.32803]]],[[[10.079438,42.613918],[10.085785,42.572455],[10.050304,42.581936],[10.079438,42.613918]]]]}},{"type":"Feature","properties":{"country_code":"IT","region_code":"IT-PI","name":"Pisa","native_name":"Pisa","type":"Province"},"geometry":{"type":"Polygon","coordinates":[[[10.293418,43.57913],[10.261771,43.816128],[10.420671,43.824732],[10.479492,43.755551],[10.603704,43.75755],[10.678982,43.80489],[10.793481,43.718977],[10.865903,43.730414],[10.910574,43.65128],[10.819695,43.613443],[10.835229,43.531243],[10.860476,43.472005],[10.952124,43.452229],[10.995234,43.403878],[11.00499,43.356604],[10.953442,43.317603],[10.994465,43.269417],[10.988906,43.239896],[10.935271,43.240479],[10.91165,43.162564],[10.740286,43.148139],[10.71728,43.108478],[10.635432,43.175352],[10.681772,43.197302],[10.66894,43.253552],[10.701746,43.302969],[10.585115,43.290532],[10.495994,43.387696],[10.471055,43.549909],[10.490456,43.632394],[10.293418,43.57913]]]}},{"type":"Feature","properties":{"country_code":"IT","region_code":"IT-LU","name":"Lucca","native_name":"Lucca","type":"Province"},"geometry":{"type":"Polygon","coordinates":[[[10.261771,43.816128],[10.210134,43.920233],[10.143297,43.975092],[10.232102,44.083383],[10.185564,44.135941],[10.185146,44.205408],[10.253944,44.270604],[10.359192,44.272029],[10.400171,44.235884],[10.47123,44.22459],[10.483931,44.186808],[10.570393,44.125625],[10.716599,44.080834],[10.735891,44.032077],[10.668655,43.974871],[10.645056,43.879345],[10.716753,43.838904],[10.711106,43.786345],[10.665029,43.805967],[10.603704,43.75755],[10.479492,43.755551],[10.420671,43.824732],[10.261771,43.816128]]]}},{"type":"Feature","properties":{"country_code":"IT","region_code":"IT-MS","name":"Massa-Carrara","native_name":"Massa-Carrara","type":"Province"},"geometry":{"type":"Polygon","coordinates":[[[10.143297,43.975092],[10.028458,44.049255],[10.053157,44.099533],[9.989853,44.117616],[9.968166,44.159968],[9.898645,44.166395],[9.902226,44.199882],[9.861709,44.185929],[9.852085,44.252594],[9.716294,44.329883],[9.68885,44.37006],[9.751384,44.389231],[9.866345,44.482967],[9.989853,44.448041],[9.98491,44.412797],[10.072602,44.35213],[10.204329,44.314195],[10.253944,44.270604],[10.185146,44.205408],[10.185564,44.135941],[10.232102,44.083383],[10.143297,43.975092]]]}},{"type":"Feature","properties":{"country_code":"IT","region_code":"IT-SP","name":"La Spezia","native_name":"La Spezia","type":"Province"},"geometry":{"type":"Polygon","coordinates":[[[10.028458,44.049255],[9.962738,44.044664],[9.844737,44.108629],[9.819591,44.093004],[9.847504,44.072496],[9.832286,44.042304],[9.511241,44.215237],[9.547258,44.257274],[9.571516,44.25333],[9.503445,44.327971],[9.518166,44.355141],[9.476396,44.412478],[9.590918,44.428343],[9.651431,44.406183],[9.716294,44.329883],[9.852085,44.252594],[9.861709,44.185929],[9.902226,44.199882],[9.898645,44.166395],[9.968166,44.159968],[9.989853,44.117616],[10.053157,44.099533],[10.028458,44.049255]]]}},{"type":"Feature","properties":{"country_code":"IT","region_code":"IT-GE","name":"Liguria","native_name":"Genova","type":"Province"},"geometry":{"type":"Polygon","coordinates":[[[9.511241,44.215237],[9.230642,44.353705],[9.210704,44.305325],[9.102061,44.373969],[8.76238,44.432115],[8.617331,44.38576],[8.587668,44.424651],[8.668264,44.455369],[8.650818,44.488668],[8.564158,44.516244],[8.632119,44.588699],[8.724624,44.578625],[8.773337,44.501259],[8.825742,44.558827],[8.903987,44.565188],[8.906623,44.611847],[8.875093,44.634281],[8.923059,44.682808],[8.959226,44.682599],[9.134568,44.58348],[9.225051,44.620274],[9.360491,44.581931],[9.407974,44.596192],[9.490657,44.554905],[9.493623,44.511652],[9.436055,44.419927],[9.476396,44.412478],[9.518166,44.355141],[9.503445,44.327971],[9.562309,44.283411],[9.571516,44.25333],[9.547258,44.257274],[9.511241,44.215237]]]}},{"type":"Feature","properties":{"country_code":"IT","region_code":"IT-SV","name":"Savona","native_name":"Savona","type":"Province"},"geometry":{"type":"Polygon","coordinates":[[[8.630561,44.381895],[8.466075,44.304267],[8.394542,44.182359],[8.256521,44.128363],[8.216319,44.045233],[8.15268,43.983222],[8.167979,43.956488],[8.130226,43.940343],[8.09313,43.978914],[7.999812,44.000282],[7.992165,44.021332],[8.038572,44.067167],[7.983003,44.146917],[8.077529,44.18583],[8.069158,44.30779],[8.205827,44.422432],[8.19561,44.474551],[8.236128,44.532317],[8.353264,44.480648],[8.404328,44.514651],[8.476311,44.518112],[8.650818,44.488668],[8.668264,44.455369],[8.587668,44.424651],[8.630561,44.381895]]]}},{"type":"Feature","properties":{"country_code":"IT","region_code":"IT-TP","name":"Trapani","native_name":"Trapani","type":"Province"},"geometry":{"type":"MultiPolygon","coordinates":[[[[11.999522,36.835924],[12.051524,36.790351],[12.03061,36.74136],[11.961192,36.765204],[11.924978,36.811957],[11.946137,36.841702],[11.999522,36.835924]]],[[[12.273204,37.939521],[12.31422,37.946357],[12.368826,37.925238],[12.299653,37.919257],[12.273204,37.939521]]],[[[12.893891,37.573289],[12.659353,37.565131],[12.57781,37.652004],[12.506196,37.665513],[12.427013,37.797024],[12.465017,37.822821],[12.492931,38.02143],[12.576345,38.071723],[12.608409,38.062405],[12.662446,38.116278],[12.7046,38.110826],[12.731781,38.192776],[12.760916,38.180976],[12.828787,38.069892],[12.901134,38.028062],[12.976111,38.044204],[13.048228,37.954033],[13.019312,37.90688],[12.938364,37.904045],[12.952712,37.830261],[13.08646,37.811672],[13.08846,37.770287],[12.90613,37.688977],[12.893891,37.573289]]],[[[12.053559,37.992418],[12.079275,37.950263],[12.030447,37.984361],[12.053559,37.992418]]]]}},{"type":"Feature","properties":{"country_code":"IT","region_code":"IT-ME","name":"Messina","native_name":"Messina","type":"Province"},"geometry":{"type":"MultiPolygon","coordinates":[[[[14.179582,38.025692],[14.331228,38.018012],[14.431895,38.049384],[14.511729,38.044379],[14.634613,38.081488],[14.733735,38.15762],[14.907074,38.18769],[15.087901,38.128241],[15.177419,38.156317],[15.237153,38.264797],[15.245372,38.217231],[15.29184,38.207017],[15.399669,38.232571],[15.528656,38.302639],[15.651622,38.275295],[15.569672,38.226955],[15.559906,38.199774],[15.575938,38.200181],[15.500336,38.084947],[15.259932,37.807769],[15.144046,37.898091],[14.979514,37.892697],[14.928999,37.956604],[14.866289,37.932423],[14.830891,37.963229],[14.769192,37.942366],[14.732937,37.881205],[14.737288,37.854937],[14.794417,37.84606],[14.789297,37.808695],[14.602947,37.808289],[14.560628,37.839237],[14.561287,37.875964],[14.513694,37.857815],[14.46832,37.801851],[14.421892,37.859474],[14.279949,37.84016],[14.276389,37.920811],[14.179582,38.025692]]],[[[14.966319,38.432929],[15.007335,38.377672],[14.986827,38.364081],[14.948253,38.39643],[14.966319,38.432929]]],[[[14.907725,38.473944],[14.924815,38.522366],[14.957856,38.52204],[14.97934,38.487535],[14.952647,38.481391],[14.966319,38.453437],[14.907725,38.473944]]],[[[14.866954,38.581122],[14.861664,38.539293],[14.793793,38.571601],[14.866954,38.581122]]],[[[14.36085,38.539049],[14.342784,38.547268],[14.357188,38.551215],[14.36085,38.539049]]],[[[14.542491,38.586859],[14.58546,38.55744],[14.551606,38.561591],[14.542491,38.586859]]],[[[15.227794,38.810289],[15.217459,38.773017],[15.187022,38.789008],[15.212087,38.810452],[15.227794,38.810289]]]]}},{"type":"Feature","properties":{"country_code":"IT","region_code":"IT-PA","name":"Palermo","native_name":"Palermo","type":"Province"},"geometry":{"type":"MultiPolygon","coordinates":[[[[12.976111,38.044204],[13.069672,38.091132],[13.054698,38.141832],[13.100922,38.19009],[13.207205,38.176093],[13.239024,38.207017],[13.318126,38.220649],[13.371918,38.172797],[13.391368,38.103176],[13.51352,38.110541],[13.557465,38.04914],[13.705089,37.980455],[13.812673,37.977932],[14.020518,38.049384],[14.083263,38.02383],[14.179582,38.025692],[14.276389,37.920811],[14.261316,37.788239],[14.292517,37.747029],[14.26481,37.703018],[14.173755,37.671432],[14.134929,37.616753],[14.060068,37.642966],[13.974705,37.583179],[13.906502,37.60692],[13.881541,37.675574],[13.790046,37.733417],[13.73239,37.682989],[13.679458,37.698403],[13.644016,37.655018],[13.4449,37.647668],[13.386453,37.611842],[13.399526,37.556855],[13.356328,37.539255],[13.326072,37.596241],[13.34967,37.657062],[13.241521,37.62251],[13.187161,37.685099],[13.055413,37.705369],[13.027463,37.740701],[13.08846,37.770287],[13.081912,37.82056],[12.952712,37.830261],[12.938364,37.904045],[13.019312,37.90688],[13.048228,37.954033],[12.976111,38.044204]],[[14.019705,37.675848],[14.066528,37.679836],[14.087886,37.701688],[14.040183,37.71942],[14.019705,37.675848]]],[[[13.153494,38.69477],[13.18572,38.717515],[13.197439,38.708319],[13.153494,38.69477]]],[[[13.150466,37.642109],[13.176218,37.634792],[13.178943,37.625366],[13.145435,37.614567],[13.150466,37.642109]]]]}},{"type":"Feature","properties":{"country_code":"IT","region_code":"IT-AG","name":"Agrigento","native_name":"Agrigento","type":"Province"},"geometry":{"type":"MultiPolygon","coordinates":[[[[14.039304,37.114472],[13.894379,37.100816],[13.715831,37.171373],[13.569184,37.273505],[13.42156,37.314399],[13.278005,37.393704],[13.174083,37.487006],[13.016856,37.497545],[12.974132,37.55744],[12.893891,37.573289],[12.90613,37.688977],[13.012039,37.7427],[13.075166,37.69592],[13.187161,37.685099],[13.241521,37.62251],[13.337498,37.663478],[13.326072,37.596241],[13.356328,37.539255],[13.399526,37.556855],[13.386453,37.611842],[13.4449,37.647668],[13.599565,37.644021],[13.644016,37.655018],[13.679458,37.698403],[13.781433,37.675156],[13.816853,37.61928],[13.733049,37.585244],[13.671526,37.588046],[13.690269,37.515305],[13.644104,37.458857],[13.738367,37.43249],[13.838782,37.436226],[13.861326,37.403882],[13.894241,37.401981],[13.907534,37.38593],[13.882112,37.360299],[13.963213,37.330186],[14.019529,37.277792],[13.989119,37.197405],[14.039304,37.114472]],[[13.140403,37.629387],[13.178943,37.625366],[13.150466,37.642109],[13.140403,37.629387]]],[[[12.845876,35.862698],[12.874034,35.866441],[12.872569,35.852281],[12.845876,35.862698]]],[[[12.621755,35.509752],[12.611095,35.489244],[12.526134,35.516669],[12.555675,35.521226],[12.621755,35.509752]]]]}},{"type":"Feature","properties":{"country_code":"IT","region_code":"IT-CL","name":"Caltanissetta","native_name":"Caltanissetta","type":"Province"},"geometry":{"type":"MultiPolygon","coordinates":[[[[14.334587,37.000579],[14.208507,37.081122],[14.039304,37.114472],[13.989119,37.197405],[14.019529,37.277792],[13.963213,37.330186],[13.882112,37.360299],[13.907051,37.389797],[13.861326,37.403882],[13.847835,37.433062],[13.644104,37.458857],[13.690269,37.515305],[13.671526,37.588046],[13.733049,37.585244],[13.816853,37.61928],[13.796243,37.666982],[13.73239,37.682989],[13.773391,37.725408],[13.803274,37.733549],[13.881541,37.675574],[13.906502,37.60692],[13.956533,37.585519],[13.996633,37.590056],[14.060068,37.642966],[14.154353,37.609447],[14.127634,37.525336],[14.146992,37.490916],[14.069363,37.412605],[14.090061,37.346006],[14.169932,37.32522],[14.261733,37.343193],[14.352546,37.306038],[14.388845,37.183947],[14.472341,37.134167],[14.432219,37.08686],[14.444019,37.052858],[14.334587,37.000579]]],[[[14.050313,37.721947],[14.082437,37.712708],[14.079382,37.687263],[14.010169,37.677859],[14.050313,37.721947]]]]}},{"type":"Feature","properties":{"country_code":"IT","region_code":"IT-RG","name":"Ragusa","native_name":"Ragusa","type":"Province"},"geometry":{"type":"Polygon","coordinates":[[[15.00031,36.702368],[14.982432,36.68887],[14.882172,36.730658],[14.780772,36.699368],[14.582205,36.781317],[14.487315,36.793362],[14.394542,36.945014],[14.334587,37.000579],[14.519187,37.070666],[14.564649,37.053868],[14.704461,37.123214],[14.756646,37.100176],[14.765852,37.128971],[14.793735,37.131981],[14.835286,37.04152],[14.901775,36.990554],[14.924055,36.938951],[14.836934,36.974448],[14.849041,36.929217],[14.93603,36.87199],[14.927241,36.851621],[14.852249,36.861794],[14.843262,36.836833],[14.985579,36.783462],[15.00031,36.702368]]]}},{"type":"Feature","properties":{"country_code":"IT","region_code":"IT-SR","name":"Syracuse","native_name":"Siracusa","type":"Province"},"geometry":{"type":"Polygon","coordinates":[[[15.092535,37.358784],[15.110688,37.321845],[15.251964,37.257717],[15.261241,37.233832],[15.244884,37.246161],[15.220225,37.22016],[15.205414,37.244696],[15.183442,37.207465],[15.216482,37.155219],[15.247569,37.158677],[15.229177,37.149644],[15.246593,37.118232],[15.303233,37.101223],[15.283702,37.048407],[15.321056,37.040229],[15.332367,37.011623],[15.268077,37.000434],[15.268077,36.97309],[15.158376,36.924221],[15.094005,36.799547],[15.134288,36.675198],[15.093923,36.654934],[15.00031,36.702368],[14.99562,36.765642],[14.970198,36.794855],[14.843262,36.836833],[14.852249,36.861794],[14.927241,36.851621],[14.93603,36.87199],[14.849041,36.929217],[14.836934,36.974448],[14.924055,36.938951],[14.795691,37.121412],[14.838735,37.128982],[14.864575,37.19702],[14.77697,37.216916],[14.870178,37.293447],[14.867322,37.314936],[14.787825,37.333481],[14.901072,37.410254],[15.092535,37.358784]]]}},{"type":"Feature","properties":{"country_code":"IT","region_code":"IT-CT","name":"Catania","native_name":"Catania","type":"Province"},"geometry":{"type":"Polygon","coordinates":[[[15.259932,37.807769],[15.206554,37.747748],[15.220225,37.706732],[15.163829,37.567694],[15.09669,37.494452],[15.092535,37.358784],[14.901072,37.410254],[14.787825,37.333481],[14.867322,37.314936],[14.857346,37.27109],[14.777256,37.227496],[14.807337,37.198031],[14.864575,37.19702],[14.838735,37.128982],[14.771477,37.133728],[14.749724,37.099143],[14.704461,37.123214],[14.564649,37.053868],[14.519187,37.070666],[14.444019,37.052858],[14.432219,37.08686],[14.472341,37.134167],[14.388845,37.183947],[14.352546,37.306038],[14.432044,37.293711],[14.454895,37.303676],[14.434021,37.329658],[14.447776,37.344863],[14.508069,37.311575],[14.509849,37.352136],[14.580095,37.365605],[14.582293,37.40019],[14.628743,37.421207],[14.514705,37.463131],[14.511365,37.502847],[14.542918,37.542518],[14.690288,37.555856],[14.772092,37.502385],[14.794746,37.567501],[14.835615,37.596582],[14.791868,37.659709],[14.797734,37.712751],[14.731399,37.684264],[14.712041,37.706819],[14.74221,37.818198],[14.789297,37.808695],[14.799404,37.825471],[14.775125,37.862803],[14.731069,37.863462],[14.769192,37.942366],[14.830891,37.963229],[14.866289,37.932423],[14.928999,37.956604],[14.979514,37.892697],[15.144046,37.898091],[15.259932,37.807769]]]}},{"type":"Feature","properties":{"country_code":"IT","region_code":"IT-CI","name":"Carbonia-Iglesias","native_name":"Carbonia-Iglesias","type":"Province"},"geometry":{"type":"MultiPolygon","coordinates":[[[[8.455903,39.073554],[8.483897,39.06977],[8.437022,38.96719],[8.409841,38.961819],[8.346039,39.097724],[8.360362,39.11815],[8.444591,39.102729],[8.455903,39.073554]]],[[[8.305837,39.193305],[8.305837,39.10456],[8.254731,39.107123],[8.229991,39.172797],[8.305837,39.193305]]],[[[8.610337,38.954893],[8.580089,38.960517],[8.559581,39.056708],[8.504405,39.062934],[8.504405,39.090888],[8.482758,39.08039],[8.465099,39.119452],[8.442231,39.11815],[8.435395,39.165961],[8.372813,39.222073],[8.43214,39.301825],[8.374034,39.378852],[8.419775,39.467499],[8.530627,39.479441],[8.643303,39.383289],[8.699267,39.374851],[8.76457,39.186919],[8.817854,39.159959],[8.849033,39.087405],[8.81425,39.046953],[8.695642,39.028562],[8.666726,39.043185],[8.610337,38.954893]]]]}},{"type":"Feature","properties":{"country_code":"IT","region_code":"IT-SS","name":"Sassari","native_name":"Sassari","type":"Province"},"geometry":{"type":"MultiPolygon","coordinates":[[[[8.341319,41.074123],[8.25115,41.043769],[8.24643,40.993638],[8.209646,40.995795],[8.228852,41.041734],[8.275645,41.06977],[8.277843,41.105658],[8.326182,41.126125],[8.341319,41.074123]]],[[[8.392116,40.412321],[8.379893,40.468695],[8.331716,40.510688],[8.291515,40.595364],[8.216319,40.570624],[8.195974,40.57807],[8.216319,40.612209],[8.19337,40.617499],[8.161794,40.563788],[8.147309,40.593207],[8.140636,40.62519],[8.197439,40.69123],[8.1338,40.728909],[8.215343,40.881415],[8.209727,40.914455],[8.178884,40.928168],[8.202159,40.975287],[8.236176,40.954779],[8.233165,40.910102],[8.277843,40.865424],[8.500987,40.824449],[8.709158,40.92064],[8.966565,40.952752],[8.981133,40.903005],[8.897856,40.870497],[8.993371,40.841834],[9.027078,40.773147],[9.010027,40.682785],[9.117759,40.646749],[9.176558,40.654517],[9.191763,40.512837],[9.280554,40.485833],[9.183303,40.371058],[9.027912,40.305327],[8.941318,40.372761],[8.83708,40.41385],[8.805615,40.362698],[8.646511,40.306349],[8.510259,40.423167],[8.451745,40.397898],[8.392116,40.412321]]]]}},{"type":"Feature","properties":{"country_code":"IT","region_code":"IT-NU","name":"Nuoro","native_name":"Nuoro","type":"Province"},"geometry":{"type":"Polygon","coordinates":[[[9.748844,40.660342],[9.756521,40.59516],[9.826427,40.529608],[9.761729,40.390692],[9.645518,40.296088],[9.627177,40.224523],[9.577185,40.197332],[9.525967,40.218601],[9.4272,40.102761],[9.300308,40.0426],[9.318039,39.985724],[9.283872,39.957972],[9.2804,39.917323],[9.20176,39.903876],[9.2002,39.826213],[9.159265,39.829575],[9.155354,39.866489],[8.98823,39.9321],[9.011389,39.980703],[8.957842,39.997853],[8.956457,40.029153],[8.985329,40.052532],[9.026682,40.03747],[9.044963,40.062782],[8.99269,40.207505],[8.688852,40.210383],[8.61865,40.27617],[8.62032,40.318785],[8.658772,40.306679],[8.805615,40.362698],[8.831785,40.414114],[8.941318,40.372761],[9.027912,40.305327],[9.183303,40.371058],[9.274929,40.476868],[9.25845,40.505191],[9.199233,40.505443],[9.189477,40.536754],[9.319138,40.550169],[9.384836,40.587412],[9.424036,40.653528],[9.503708,40.64843],[9.602058,40.69866],[9.748844,40.660342]]]}},{"type":"Feature","properties":{"country_code":"IT","region_code":"IT-OT","name":"Olbia-Tempio","native_name":"Olbia-Tempio","type":"Province"},"geometry":{"type":"MultiPolygon","coordinates":[[[[8.81125,40.94083],[9.005544,41.121894],[9.141856,41.152777],[9.171072,41.242906],[9.230642,41.262641],[9.268077,41.23664],[9.267426,41.201972],[9.278331,41.195014],[9.28533,41.221747],[9.28533,41.195014],[9.333018,41.187567],[9.335216,41.211656],[9.422374,41.180732],[9.408702,41.160305],[9.442882,41.132961],[9.442882,41.091986],[9.469086,41.146186],[9.523936,41.149726],[9.566417,41.11933],[9.511892,41.016262],[9.543142,41.036933],[9.552745,41.009467],[9.662608,41.002631],[9.587576,40.995795],[9.571137,40.934882],[9.504242,40.926907],[9.573253,40.906399],[9.6421,40.92064],[9.614106,40.893378],[9.723969,40.844916],[9.657888,40.799872],[9.703949,40.759426],[9.748844,40.660342],[9.602058,40.69866],[9.503708,40.64843],[9.424036,40.653528],[9.384836,40.587412],[9.319138,40.550169],[9.189477,40.536754],[9.176558,40.654517],[9.117759,40.646749],[9.010027,40.682785],[9.027078,40.773147],[8.993371,40.841834],[8.900537,40.86351],[8.903064,40.887163],[8.981133,40.903005],[8.966565,40.952752],[8.81125,40.94083]]],[[[9.459972,41.242377],[9.474864,41.179267],[9.464366,41.172675],[9.437022,41.18594],[9.459972,41.242377]]],[[[9.430919,41.224799],[9.395274,41.210598],[9.373057,41.229885],[9.414236,41.262437],[9.430919,41.224799]]]]}},{"type":"Feature","properties":{"country_code":"IT","region_code":"IT-OR","name":"Oristano","native_name":"Oristrano","type":"Province"},"geometry":{"type":"Polygon","coordinates":[[[8.54852,39.697913],[8.565766,39.701077],[8.504405,39.721503],[8.545258,39.782945],[8.518077,39.762519],[8.552094,39.820787],[8.545258,39.878567],[8.463064,39.91413],[8.435395,39.898993],[8.46339,39.898993],[8.435395,39.858059],[8.394542,39.912665],[8.407074,40.022203],[8.377208,40.033759],[8.468598,40.062161],[8.490001,40.104478],[8.46339,40.163153],[8.476085,40.292141],[8.385997,40.351793],[8.392116,40.412321],[8.43063,40.396118],[8.500986,40.424617],[8.529639,40.411895],[8.62032,40.318785],[8.61865,40.27617],[8.661936,40.254944],[8.67802,40.21402],[8.99269,40.207505],[9.044963,40.062782],[9.026682,40.03747],[8.985329,40.052532],[8.956457,40.029153],[8.957842,39.997853],[9.011389,39.980703],[8.98823,39.9321],[9.15821,39.863138],[9.159265,39.829575],[9.062893,39.816524],[9.003281,39.760515],[8.940791,39.784883],[8.862283,39.678206],[8.75165,39.632338],[8.660705,39.638237],[8.603445,39.689928],[8.54852,39.697913]]]}},{"type":"Feature","properties":{"country_code":"IT","region_code":"IT-VS","name":"Medio Campidano","native_name":"Medio Campidano","type":"Province"},"geometry":{"type":"Polygon","coordinates":[[[8.398064,39.446502],[8.386892,39.469794],[8.46339,39.57685],[8.446056,39.762519],[8.516938,39.702135],[8.603445,39.689928],[8.677119,39.633975],[8.75165,39.632338],[8.843826,39.667461],[8.940791,39.784883],[9.07133,39.746815],[8.995701,39.546304],[9.010115,39.487659],[8.968015,39.456809],[8.970344,39.414775],[8.78217,39.403657],[8.699267,39.374851],[8.643303,39.383289],[8.530627,39.479441],[8.419775,39.467499],[8.398064,39.446502]]]}},{"type":"Feature","properties":{"country_code":"IT","region_code":"IT-CA","name":"Cagliari","native_name":"Cagliari","type":"Province"},"geometry":{"type":"Polygon","coordinates":[[[9.6463,39.549088],[9.600434,39.34101],[9.634613,39.296942],[9.581879,39.266303],[9.566417,39.149237],[9.518565,39.10456],[9.496349,39.133612],[9.442882,39.124416],[9.292166,39.221259],[9.216319,39.228013],[9.166026,39.187079],[9.013927,39.263902],[9.037852,39.227118],[9.079845,39.224595],[9.018321,39.146145],[9.044932,39.051256],[9.025727,38.995307],[8.853282,38.877997],[8.716563,38.932603],[8.668793,38.91059],[8.640961,38.864325],[8.642833,38.88996],[8.599864,38.899075],[8.666726,39.043185],[8.695642,39.028562],[8.81425,39.046953],[8.849033,39.087405],[8.817854,39.159959],[8.76457,39.186919],[8.699267,39.374851],[8.978408,39.422037],[8.968015,39.456809],[9.010115,39.487659],[8.995701,39.546304],[9.07311,39.742695],[9.003281,39.760515],[9.101257,39.831707],[9.2002,39.826213],[9.20176,39.903876],[9.2804,39.917323],[9.277917,39.838672],[9.385583,39.740454],[9.346516,39.685775],[9.397998,39.688049],[9.419509,39.632634],[9.472969,39.632931],[9.551125,39.575538],[9.6463,39.549088]]]}},{"type":"Feature","properties":{"country_code":"IT","region_code":"IT-OG","name":"Ogliastra","native_name":"Ogliastra","type":"Province"},"geometry":{"type":"Polygon","coordinates":[[[9.627177,40.224523],[9.654633,40.144599],[9.73227,40.08393],[9.687266,39.961168],[9.717784,39.933783],[9.684337,39.894232],[9.696625,39.851874],[9.670258,39.793769],[9.6463,39.549088],[9.551125,39.575538],[9.472969,39.632931],[9.419509,39.632634],[9.397998,39.688049],[9.346516,39.685775],[9.385583,39.740454],[9.272974,39.850724],[9.283872,39.957972],[9.318039,39.985724],[9.300308,40.0426],[9.4272,40.102761],[9.525967,40.218601],[9.577185,40.197332],[9.627177,40.224523]]]}},{"type":"Feature","properties":{"country_code":"IT","region_code":"IT-EN","name":"Enna","native_name":"Enna","type":"Province"},"geometry":{"type":"Polygon","coordinates":[[[14.74221,37.818198],[14.715754,37.775132],[14.730652,37.748743],[14.714898,37.697437],[14.745901,37.686934],[14.797734,37.712751],[14.791868,37.659709],[14.835615,37.596582],[14.794746,37.567501],[14.784441,37.509351],[14.690288,37.555856],[14.528547,37.532246],[14.514705,37.463131],[14.628743,37.421207],[14.582293,37.40019],[14.580095,37.365605],[14.509849,37.352136],[14.508069,37.311575],[14.447776,37.344863],[14.434021,37.329658],[14.454895,37.303676],[14.404973,37.293425],[14.319302,37.304038],[14.261733,37.343193],[14.169932,37.32522],[14.090061,37.346006],[14.069363,37.412605],[14.146992,37.490916],[14.127634,37.525336],[14.156902,37.601526],[14.134929,37.616753],[14.173755,37.671432],[14.26481,37.703018],[14.286211,37.732769],[14.259778,37.80908],[14.279949,37.84016],[14.421892,37.859474],[14.475462,37.800983],[14.504443,37.850157],[14.561287,37.875964],[14.560628,37.839237],[14.602947,37.808289],[14.74221,37.818198]]]}},{"type":"Feature","properties":{"country_code":"IT","region_code":"IT-BN","name":"Benevento","native_name":"Benevento","type":"Province"},"geometry":{"type":"MultiPolygon","coordinates":[[[[14.421387,41.150703],[14.460212,41.177477],[14.424397,41.256216],[14.488074,41.306973],[14.445315,41.345744],[14.453291,41.363838],[14.513848,41.389031],[14.594597,41.370781],[14.659197,41.403213],[14.746824,41.409717],[14.779585,41.444675],[14.827024,41.425691],[14.995291,41.482073],[15.097046,41.425845],[15.101858,41.390601],[15.066965,41.348644],[15.143452,41.274618],[15.104099,41.248075],[14.991555,41.272036],[14.998169,41.205953],[14.963914,41.165469],[15.000256,41.110746],[14.834978,41.038478],[14.781672,41.059055],[14.75313,41.013825],[14.712481,41.058132],[14.599651,41.051101],[14.571965,41.00954],[14.531316,41.013352],[14.500664,41.051497],[14.429275,41.047959],[14.43189,41.105769],[14.356589,41.149286],[14.421387,41.150703]]],[[[14.691255,41.029381],[14.707405,41.006332],[14.687805,40.972747],[14.672402,40.988941],[14.691255,41.029381]]]]}},{"type":"Feature","properties":{"country_code":"IT","region_code":"IT-AT","name":"Asti","native_name":"Asti","type":"Province"},"geometry":{"type":"Polygon","coordinates":[[[8.02396,44.805855],[7.89074,44.899854],[7.942683,45.037501],[7.899748,45.060529],[7.89353,45.090291],[8.02886,45.132654],[8.075134,45.097443],[8.102798,45.128589],[8.129033,45.12303],[8.110422,45.098816],[8.142546,45.049444],[8.223054,45.013771],[8.237864,45.055904],[8.303232,45.07224],[8.33863,45.043588],[8.387475,44.968969],[8.362229,44.911785],[8.372292,44.86395],[8.424324,44.843274],[8.426169,44.816314],[8.486814,44.803789],[8.498855,44.767436],[8.421994,44.733532],[8.408635,44.692212],[8.346277,44.689817],[8.349485,44.631886],[8.315976,44.595983],[8.360427,44.577021],[8.294817,44.560662],[8.265461,44.521737],[8.232634,44.597147],[8.196907,44.614671],[8.265857,44.714492],[8.19115,44.748946],[8.152983,44.712504],[8.101897,44.747869],[8.129165,44.811513],[8.02396,44.805855]]]}},{"type":"Feature","properties":{"country_code":"IT","region_code":"IT-BG","name":"Bergamo","native_name":"Bergamo","type":"Province"},"geometry":{"type":"Polygon","coordinates":[[[10.169524,46.056989],[10.26137,46.017054],[10.191936,45.999651],[10.098069,45.927065],[10.13283,45.863102],[10.062341,45.784121],[10.063967,45.696681],[9.928879,45.665436],[9.870608,45.604473],[9.859863,45.539291],[9.891453,45.42667],[9.818818,45.455454],[9.807283,45.425033],[9.768083,45.431021],[9.714075,45.482294],[9.674458,45.436844],[9.602366,45.471472],[9.56488,45.458157],[9.510256,45.512034],[9.527109,45.60444],[9.45583,45.699856],[9.447766,45.749943],[9.518716,45.784023],[9.466619,45.849358],[9.510212,45.876385],[9.540117,45.945642],[9.502742,45.970098],[9.491492,46.011615],[9.625876,46.051529],[9.888691,46.044838],[10.096948,46.090926],[10.097168,46.057143],[10.169524,46.056989]]]}},{"type":"Feature","properties":{"country_code":"IT","region_code":"IT-BS","name":"Brescia","native_name":"Brescia","type":"Province"},"geometry":{"type":"Polygon","coordinates":[[[9.889658,45.359038],[9.859863,45.539291],[9.870608,45.604473],[9.928879,45.665436],[10.063967,45.696681],[10.062341,45.784121],[10.13283,45.863102],[10.098069,45.927065],[10.191936,45.999651],[10.26137,46.017054],[10.169524,46.056989],[10.160955,46.158404],[10.290989,46.221289],[10.317883,46.277397],[10.445896,46.348094],[10.566987,46.322056],[10.590234,46.233374],[10.556858,46.112426],[10.459145,45.984995],[10.500059,45.965154],[10.52291,45.841338],[10.584653,45.794229],[10.665315,45.811488],[10.687397,45.84526],[10.844897,45.834054],[10.644243,45.609571],[10.642991,45.448028],[10.661755,45.419035],[10.61614,45.381956],[10.469582,45.405796],[10.463166,45.328551],[10.330539,45.203065],[10.253152,45.255229],[10.221379,45.231916],[9.985613,45.306469],[9.889658,45.359038]]]}},{"type":"Feature","properties":{"country_code":"IT","region_code":"IT-CR","name":"Cremona","native_name":"Cremona","type":"Province"},"geometry":{"type":"Polygon","coordinates":[[[9.891453,45.42667],[9.889658,45.359038],[10.00831,45.295395],[10.221379,45.231916],[10.253152,45.255229],[10.322124,45.18329],[10.480239,45.145695],[10.489731,45.109242],[10.416409,45.087314],[10.413289,45.04227],[10.523459,45.079975],[10.52959,45.0396],[10.45574,44.982372],[10.562087,45.003554],[10.560747,44.984031],[10.464089,44.937185],[10.501514,44.919431],[10.443589,44.936691],[10.399248,44.991315],[10.350359,44.98402],[10.183542,45.046554],[10.071877,45.037534],[9.997917,45.124744],[9.916025,45.108001],[9.923144,45.130061],[9.812754,45.166657],[9.70689,45.264633],[9.610364,45.308095],[9.584524,45.359665],[9.523725,45.345822],[9.468267,45.379945],[9.462905,45.407862],[9.510256,45.512034],[9.56488,45.458157],[9.602366,45.471472],[9.674458,45.436844],[9.714075,45.482294],[9.768083,45.431021],[9.807283,45.425033],[9.818818,45.455454],[9.891453,45.42667]]]}},{"type":"Feature","properties":{"country_code":"IT","region_code":"IT-MN","name":"Mantua","native_name":"Mantova","type":"Province"},"geometry":{"type":"Polygon","coordinates":[[[10.416409,45.087314],[10.493555,45.122492],[10.480239,45.145695],[10.392349,45.151836],[10.317817,45.204702],[10.361367,45.215414],[10.358269,45.238914],[10.392898,45.248263],[10.463166,45.328551],[10.469582,45.405796],[10.61614,45.381956],[10.702427,45.422814],[10.717939,45.361214],[10.697461,45.320257],[10.761072,45.29367],[10.794624,45.307205],[10.987324,45.197375],[11.001892,45.155077],[11.049221,45.151968],[11.077346,45.099464],[11.204106,45.112439],[11.195735,45.063396],[11.272837,45.059573],[11.272683,45.033788],[11.421504,44.949864],[11.302961,44.96007],[11.163435,44.931516],[11.083081,44.961905],[10.888931,44.913488],[10.764499,44.943557],[10.75426,44.976527],[10.692495,44.990381],[10.601243,44.922398],[10.52135,44.916168],[10.464089,44.937185],[10.538796,44.967145],[10.562087,45.003554],[10.45574,44.982372],[10.52959,45.0396],[10.534885,45.069538],[10.413289,45.04227],[10.416409,45.087314]]]}},{"type":"Feature","properties":{"country_code":"IT","region_code":"IT-MI","name":"Milan","native_name":"Milano","type":"Province"},"geometry":{"type":"Polygon","coordinates":[[[9.496435,45.645254],[9.527109,45.60444],[9.53012,45.541653],[9.473496,45.451159],[9.437593,45.469682],[9.414807,45.4074],[9.364731,45.370124],[9.377959,45.306326],[9.298198,45.329243],[9.220437,45.327574],[9.171328,45.299141],[9.043008,45.303579],[9.013367,45.326475],[8.988384,45.321586],[9.011213,45.287364],[8.982956,45.264962],[8.864744,45.359324],[8.705178,45.556781],[8.795112,45.602254],[8.837036,45.568405],[8.926882,45.61591],[8.973069,45.615591],[8.976013,45.587609],[9.006269,45.577194],[9.058872,45.586104],[9.053005,45.623216],[9.107805,45.622677],[9.112046,45.585642],[9.173899,45.591114],[9.324324,45.539005],[9.330498,45.558418],[9.461059,45.599309],[9.496435,45.645254]]]}},{"type":"Feature","properties":{"country_code":"IT","region_code":"IT-LC","name":"Lecco","native_name":"Lecco","type":"Province"},"geometry":{"type":"Polygon","coordinates":[[[9.526868,46.011429],[9.491492,46.011615],[9.538337,45.93648],[9.510212,45.876385],[9.466619,45.849358],[9.518716,45.784023],[9.447766,45.749943],[9.482768,45.671775],[9.432912,45.651165],[9.411291,45.672654],[9.315227,45.666007],[9.282729,45.735155],[9.2472,45.742637],[9.245398,45.773509],[9.32852,45.859949],[9.3176,45.903664],[9.284949,45.900719],[9.260449,45.951839],[9.284575,45.966967],[9.271985,46.022162],[9.303955,46.132959],[9.424593,46.16003],[9.420366,46.092903],[9.509267,46.06279],[9.526868,46.011429]]]}},{"type":"Feature","properties":{"country_code":"IT","region_code":"IT-MB","name":"Monza and Brianza","native_name":"Monza e Brianza","type":"Province"},"geometry":{"type":"Polygon","coordinates":[[[9.482768,45.671775],[9.496435,45.645254],[9.461059,45.599309],[9.330498,45.558418],[9.324324,45.539005],[9.173899,45.591114],[9.112046,45.585642],[9.107805,45.622677],[9.053005,45.623216],[9.065705,45.68475],[9.129404,45.692935],[9.185149,45.664546],[9.2472,45.742637],[9.282729,45.735155],[9.315227,45.666007],[9.411291,45.672654],[9.432912,45.651165],[9.482768,45.671775]]]}},{"type":"Feature","properties":{"country_code":"IT","region_code":"IT-LO","name":"Lodi","native_name":"Lodi","type":"Province"},"geometry":{"type":"Polygon","coordinates":[[[9.473496,45.451159],[9.468267,45.379945],[9.538843,45.340691],[9.584524,45.359665],[9.610364,45.308095],[9.70689,45.264633],[9.812754,45.166657],[9.876321,45.152814],[9.895854,45.091873],[9.830178,45.096267],[9.824443,45.06867],[9.75835,45.114812],[9.752461,45.082007],[9.681445,45.075338],[9.636863,45.093938],[9.640422,45.126084],[9.573406,45.114812],[9.531592,45.165316],[9.311997,45.246626],[9.338848,45.312874],[9.377959,45.306326],[9.361457,45.35984],[9.414807,45.4074],[9.419905,45.452312],[9.452732,45.470297],[9.473496,45.451159]]]}},{"type":"Feature","properties":{"country_code":"IT","region_code":"IT-SI","name":"Siena","native_name":"Siena","type":"Province"},"geometry":{"type":"Polygon","coordinates":[[[11.404585,43.546964],[11.536619,43.451856],[11.553076,43.373358],[11.659028,43.320822],[11.690603,43.273427],[11.827405,43.221176],[11.883896,43.160257],[11.952711,43.173799],[11.917756,43.122431],[11.933247,43.063775],[11.963547,43.073135],[11.977808,43.046361],[11.93217,42.927204],[11.951704,42.897738],[11.936982,42.874337],[11.800862,42.811133],[11.635012,42.799751],[11.611875,42.947869],[11.507966,42.980103],[11.449365,42.954043],[11.396807,42.966831],[11.358926,42.999614],[11.361013,43.083253],[11.089321,43.084802],[11.039553,43.192633],[10.91165,43.162564],[10.935271,43.240479],[10.980974,43.234634],[10.994619,43.253168],[10.953948,43.310297],[11.006858,43.36892],[10.952124,43.452229],[10.965373,43.513928],[11.027512,43.5419],[11.124368,43.475092],[11.175586,43.517147],[11.205491,43.480541],[11.278813,43.538615],[11.298501,43.519202],[11.404585,43.546964]]]}},{"type":"Feature","properties":{"country_code":"IT","region_code":"IT-AR","name":"Arezzo","native_name":"Arezzo","type":"Province"},"geometry":{"type":"MultiPolygon","coordinates":[[[[11.752083,43.235963],[11.659028,43.320822],[11.553076,43.373358],[11.536619,43.451856],[11.39751,43.548239],[11.507527,43.587262],[11.498914,43.631273],[11.546309,43.639843],[11.607942,43.691072],[11.57907,43.756353],[11.649866,43.862931],[11.716335,43.879143],[11.813013,43.824402],[12.067764,43.754331],[12.131067,43.764043],[12.185229,43.742862],[12.278196,43.771261],[12.357627,43.722603],[12.324756,43.683436],[12.301926,43.728909],[12.277734,43.689688],[12.19582,43.653356],[12.204807,43.616826],[12.137483,43.531605],[12.097581,43.518279],[12.133857,43.481167],[12.038167,43.421127],[12.073652,43.411195],[12.077739,43.373864],[12.132627,43.357252],[12.138713,43.299992],[12.198457,43.318778],[12.213179,43.291049],[12.096658,43.245521],[12.037375,43.254673],[12.001208,43.19059],[11.887126,43.160641],[11.827405,43.221176],[11.752083,43.235963]]],[[[12.177561,43.821666],[12.233196,43.812625],[12.239875,43.800891],[12.190129,43.783313],[12.177561,43.821666]]]]}},{"type":"Feature","properties":{"country_code":"IT","region_code":"IT-FI","name":"Florence","native_name":"Firenze","type":"Province"},"geometry":{"type":"Polygon","coordinates":[[[10.793481,43.718977],[10.711106,43.786345],[10.727805,43.814119],[10.813279,43.817898],[10.855269,43.796024],[10.94762,43.821084],[10.977898,43.785445],[11.057043,43.759055],[11.062295,43.817019],[11.146934,43.861503],[11.135354,43.895022],[11.200106,44.104679],[11.256401,44.115968],[11.203008,44.138292],[11.203645,44.158804],[11.291118,44.17079],[11.402541,44.234928],[11.495969,44.166472],[11.604119,44.162528],[11.593748,44.125889],[11.74738,44.126614],[11.695239,44.038394],[11.651162,44.012719],[11.716335,43.879143],[11.632112,43.845309],[11.574785,43.73048],[11.607942,43.691072],[11.546309,43.639843],[11.498914,43.631273],[11.507527,43.587262],[11.491289,43.580286],[11.422756,43.569893],[11.362661,43.525728],[11.298501,43.519202],[11.278813,43.538615],[11.205491,43.480541],[11.175586,43.517147],[11.124368,43.475092],[11.027512,43.5419],[10.965373,43.513928],[10.952124,43.452229],[10.885371,43.459909],[10.843799,43.499108],[10.819695,43.613443],[10.88937,43.627956],[10.907256,43.680119],[10.865903,43.730414],[10.793481,43.718977]]]}},{"type":"Feature","properties":{"country_code":"IT","region_code":"IT-VC","name":"Vercelli","native_name":"Vercelli","type":"Province"},"geometry":{"type":"Polygon","coordinates":[[[8.010535,45.340384],[8.010095,45.402632],[8.130549,45.381835],[8.262956,45.504267],[8.287346,45.542027],[8.263176,45.594684],[8.28884,45.644892],[8.182229,45.741934],[8.129582,45.756974],[8.078386,45.720862],[7.916294,45.729662],[7.874743,45.763203],[7.847717,45.915023],[7.974895,45.90362],[8.05303,45.933799],[8.209079,45.945005],[8.322305,45.85395],[8.316877,45.769323],[8.349902,45.77241],[8.384685,45.724971],[8.369392,45.699395],[8.310527,45.697099],[8.385036,45.621721],[8.409888,45.412289],[8.492219,45.373848],[8.499646,45.347711],[8.471499,45.32586],[8.512621,45.31345],[8.498371,45.291934],[8.556555,45.164789],[8.497097,45.19799],[8.404724,45.204516],[8.334543,45.171128],[8.172056,45.159516],[8.050525,45.185191],[7.988342,45.263413],[7.988408,45.3076],[7.955713,45.328112],[8.010535,45.340384]]]}},{"type":"Feature","properties":{"country_code":"IT","region_code":"IT-PV","name":"Pavia","native_name":"Pavia","type":"Province"},"geometry":{"type":"Polygon","coordinates":[[[8.832004,45.40818],[8.982956,45.264962],[9.011213,45.287364],[8.988384,45.321586],[9.013367,45.326475],[9.043008,45.303579],[9.171328,45.299141],[9.220437,45.327574],[9.309097,45.327936],[9.338848,45.312874],[9.311997,45.246626],[9.538118,45.158538],[9.541875,45.086039],[9.425046,45.101178],[9.306482,44.924881],[9.304636,44.89168],[9.358469,44.852151],[9.305867,44.758844],[9.313777,44.698562],[9.251396,44.715745],[9.242102,44.683006],[9.201431,44.682127],[9.2022,44.732202],[9.156738,44.806723],[9.059641,44.837111],[9.053269,44.88054],[8.977529,44.933274],[8.963884,44.97622],[8.882432,45.000532],[8.880828,45.052553],[8.669055,45.024801],[8.573298,45.137093],[8.498371,45.291934],[8.541943,45.359665],[8.625593,45.356973],[8.663782,45.312632],[8.702695,45.304777],[8.757319,45.357072],[8.734995,45.375496],[8.832004,45.40818]]]}},{"type":"Feature","properties":{"country_code":"IT","region_code":"IT-RI","name":"Rieti","native_name":"Rieti","type":"Province"},"geometry":{"type":"Polygon","coordinates":[[[12.560544,42.270628],[12.472412,42.318429],[12.465133,42.386932],[12.53688,42.369351],[12.592603,42.401002],[12.616926,42.465569],[12.652017,42.443816],[12.722153,42.454],[12.717649,42.494046],[12.880115,42.564688],[12.901978,42.6096],[13.15385,42.645097],[13.194478,42.734602],[13.282478,42.739513],[13.386299,42.644426],[13.36894,42.585979],[13.186106,42.586913],[13.135349,42.538288],[13.16688,42.490277],[13.130867,42.430797],[13.17835,42.399948],[13.157564,42.3445],[13.205991,42.318836],[13.272854,42.228693],[13.36749,42.185176],[13.305418,42.167455],[13.295508,42.133222],[13.220405,42.131585],[13.098765,42.173651],[13.029582,42.115643],[12.873523,42.099867],[12.77592,42.186626],[12.695347,42.14646],[12.624661,42.174706],[12.606094,42.191768],[12.62231,42.254335],[12.581682,42.291128],[12.560544,42.270628]]]}},{"type":"Feature","properties":{"country_code":"IT","region_code":"IT-NO","name":"Novara","native_name":"Novara","type":"Province"},"geometry":{"type":"Polygon","coordinates":[[[8.369392,45.699395],[8.384685,45.724971],[8.349902,45.77241],[8.378796,45.79937],[8.38073,45.842151],[8.460776,45.868936],[8.499997,45.833944],[8.598413,45.82599],[8.568508,45.789505],[8.648862,45.71716],[8.648862,45.680883],[8.676965,45.672874],[8.664573,45.635718],[8.697444,45.603034],[8.717021,45.523009],[8.772414,45.493654],[8.832004,45.40818],[8.734995,45.375496],[8.757319,45.357072],[8.702695,45.304777],[8.572222,45.366685],[8.546492,45.364213],[8.512621,45.31345],[8.471499,45.32586],[8.495867,45.367003],[8.409888,45.412289],[8.391365,45.60622],[8.310527,45.697099],[8.369392,45.699395]]]}},{"type":"Feature","properties":{"country_code":"IT","region_code":"IT-AL","name":"Alessandria","native_name":"Alessandria","type":"Province"},"geometry":{"type":"Polygon","coordinates":[[[8.404724,45.204516],[8.497097,45.19799],[8.556555,45.164789],[8.669055,45.024801],[8.880828,45.052553],[8.882432,45.000532],[8.963884,44.97622],[8.977529,44.933274],[9.053269,44.88054],[9.059641,44.837111],[9.161067,44.801559],[9.205935,44.720832],[9.199255,44.59929],[9.120923,44.587359],[8.944658,44.684763],[8.875862,44.637281],[8.906623,44.611847],[8.903987,44.565188],[8.825742,44.558827],[8.773337,44.501259],[8.724624,44.578625],[8.632119,44.588699],[8.564158,44.516244],[8.408811,44.515937],[8.353264,44.480648],[8.267175,44.519969],[8.294817,44.560662],[8.360427,44.577021],[8.315976,44.595983],[8.349485,44.631886],[8.346277,44.689817],[8.408635,44.692212],[8.421994,44.733532],[8.498855,44.767436],[8.497822,44.79466],[8.380862,44.851074],[8.362229,44.911785],[8.387475,44.968969],[8.303232,45.07224],[8.237864,45.055904],[8.223054,45.013771],[8.142546,45.049444],[8.111785,45.107056],[8.151907,45.16859],[8.334543,45.171128],[8.404724,45.204516]]]}},{"type":"Feature","properties":{"country_code":"IT","region_code":"IT-TN","name":"Trentino","native_name":"Trento","type":"Province"},"geometry":{"type":"Polygon","coordinates":[[[11.824373,46.522688],[11.834238,46.48383],[11.895696,46.45476],[11.848191,46.38102],[11.799214,46.353191],[11.853464,46.273716],[11.924568,46.253095],[11.920393,46.222762],[11.970667,46.18922],[11.884226,46.128246],[11.706863,46.099385],[11.684802,45.984325],[11.60335,45.977843],[11.540991,46.015977],[11.387512,45.978898],[11.35897,45.922934],[11.314739,45.939369],[11.274529,45.91498],[11.130718,45.699593],[11.011252,45.714622],[10.931777,45.681894],[10.87032,45.722071],[10.893896,45.806094],[10.812444,45.844975],[10.687397,45.84526],[10.665315,45.811488],[10.584653,45.794229],[10.52291,45.841338],[10.500059,45.965154],[10.459761,45.991038],[10.556858,46.112426],[10.590234,46.233374],[10.577688,46.312729],[10.527854,46.342644],[10.632312,46.386315],[10.624709,46.454452],[10.745229,46.484939],[10.839932,46.430722],[10.997388,46.479182],[11.051067,46.445982],[11.055286,46.515613],[11.085894,46.523556],[11.145395,46.48718],[11.202063,46.50399],[11.201755,46.339239],[11.153767,46.266234],[11.217246,46.223893],[11.328186,46.293503],[11.370725,46.269036],[11.408474,46.324462],[11.476567,46.359629],[11.5774,46.368089],[11.684099,46.507681],[11.824373,46.522688]]]}},{"type":"Feature","properties":{"country_code":"IT","region_code":"IT-VI","name":"Vicenza","native_name":"Vicenza","type":"Province"},"geometry":{"type":"Polygon","coordinates":[[[11.183826,45.620139],[11.130718,45.699593],[11.274529,45.91498],[11.314739,45.939369],[11.35897,45.922934],[11.387512,45.978898],[11.559119,46.015197],[11.60335,45.977843],[11.695789,45.980568],[11.728132,45.938831],[11.784448,45.919044],[11.779724,45.887635],[11.799697,45.88057],[11.741536,45.833736],[11.825757,45.77386],[11.821824,45.687101],[11.711323,45.676258],[11.649382,45.63541],[11.670696,45.585522],[11.658193,45.538874],[11.730461,45.555551],[11.74593,45.488216],[11.616687,45.386988],[11.626135,45.333275],[11.581355,45.296691],[11.616951,45.267116],[11.610337,45.24745],[11.487158,45.265863],[11.432578,45.332924],[11.36354,45.351897],[11.32177,45.495895],[11.24937,45.547454],[11.228276,45.610471],[11.183826,45.620139]]]}},{"type":"Feature","properties":{"country_code":"IT","region_code":"IT-VR","name":"Verona","native_name":"Verona","type":"Province"},"geometry":{"type":"Polygon","coordinates":[[[11.130718,45.699593],[11.161985,45.631422],[11.228276,45.610471],[11.24937,45.547454],[11.32177,45.495895],[11.359255,45.356874],[11.432578,45.332924],[11.486609,45.278673],[11.406035,45.252251],[11.426096,45.142542],[11.411111,45.12158],[11.445212,45.092741],[11.425811,45.066341],[11.385864,45.053036],[11.332493,45.089522],[11.17352,45.119086],[11.077346,45.099464],[11.049221,45.151968],[11.001892,45.155077],[10.987324,45.197375],[10.794624,45.307205],[10.761072,45.29367],[10.697461,45.320257],[10.717939,45.361214],[10.702427,45.422814],[10.661755,45.419035],[10.642991,45.448028],[10.644243,45.609571],[10.844897,45.834054],[10.899521,45.790021],[10.872495,45.71783],[10.931777,45.681894],[11.011252,45.714622],[11.130718,45.699593]]]}},{"type":"Feature","properties":{"country_code":"IT","region_code":"IT-TV","name":"Treviso","native_name":"Treviso","type":"Province"},"geometry":{"type":"Polygon","coordinates":[[[12.330908,46.082213],[12.422432,46.043079],[12.447803,45.95965],[12.526289,45.920352],[12.567905,45.838855],[12.665508,45.814773],[12.663025,45.701889],[12.498735,45.67662],[12.433586,45.631796],[12.419019,45.574546],[12.343916,45.583061],[12.25541,45.533029],[12.188591,45.584324],[12.092439,45.598354],[12.069038,45.640146],[12.020544,45.645804],[11.954736,45.610559],[11.821824,45.687101],[11.825757,45.77386],[11.750259,45.811796],[11.754148,45.855104],[11.821296,45.899588],[11.925205,45.884965],[11.973325,45.963418],[12.063062,45.963693],[12.109863,46.002716],[12.19158,46.00409],[12.330908,46.082213]]]}},{"type":"Feature","properties":{"country_code":"IT","region_code":"IT-PC","name":"Piacenza","native_name":"Piacenza","type":"Province"},"geometry":{"type":"Polygon","coordinates":[[[10.071877,45.037534],[9.993962,44.950699],[10.00697,44.871817],[9.895173,44.810491],[9.869663,44.76481],[9.814753,44.74855],[9.765139,44.681248],[9.656924,44.679457],[9.491335,44.551048],[9.407974,44.596192],[9.360491,44.581931],[9.203144,44.613759],[9.201431,44.682127],[9.242102,44.683006],[9.251396,44.715745],[9.292529,44.693915],[9.322148,44.707714],[9.305867,44.758844],[9.358315,44.856491],[9.302615,44.913125],[9.425046,45.101178],[9.541875,45.086039],[9.552729,45.134818],[9.590413,45.112593],[9.640422,45.126084],[9.636863,45.093938],[9.681445,45.075338],[9.752461,45.082007],[9.764546,45.114812],[9.833694,45.068252],[9.830178,45.096267],[9.895854,45.091873],[9.882891,45.134148],[9.903918,45.138488],[9.916025,45.108001],[9.997917,45.124744],[10.071877,45.037534]]]}},{"type":"Feature","properties":{"country_code":"IT","region_code":"IT-PR","name":"Parma","native_name":"Parma","type":"Province"},"geometry":{"type":"Polygon","coordinates":[[[9.859973,44.760789],[9.895173,44.810491],[10.00697,44.871817],[9.993962,44.950699],[10.071877,45.037534],[10.183542,45.046554],[10.350359,44.98402],[10.399248,44.991315],[10.443589,44.936691],[10.501514,44.919431],[10.463101,44.893899],[10.391777,44.554048],[10.135708,44.341814],[10.072602,44.35213],[9.99126,44.406568],[9.989853,44.448041],[9.866345,44.482967],[9.689773,44.357656],[9.651431,44.406183],[9.59852,44.427156],[9.4379,44.414346],[9.452688,44.471958],[9.493623,44.511652],[9.491335,44.551048],[9.656924,44.679457],[9.765139,44.681248],[9.814753,44.74855],[9.859973,44.760789]]]}},{"type":"Feature","properties":{"country_code":"IT","region_code":"IT-RE","name":"Reggio Emilia","native_name":"Reggio Emilia","type":"Province"},"geometry":{"type":"Polygon","coordinates":[[[10.135708,44.341814],[10.391777,44.554048],[10.470373,44.900293],[10.601243,44.922398],[10.692495,44.990381],[10.75426,44.976527],[10.764499,44.943557],[10.887785,44.914023],[10.815102,44.807239],[10.839734,44.790122],[10.808533,44.712801],[10.822881,44.670591],[10.785066,44.634732],[10.761731,44.536118],[10.673796,44.47086],[10.615481,44.376256],[10.534138,44.353141],[10.47824,44.22982],[10.400171,44.235884],[10.350974,44.274918],[10.249021,44.269854],[10.135708,44.341814]]]}},{"type":"Feature","properties":{"country_code":"IT","region_code":"IT-MO","name":"Modena","native_name":"Modena","type":"Province"},"geometry":{"type":"Polygon","coordinates":[[[10.47123,44.22459],[10.534138,44.353141],[10.615481,44.376256],[10.673796,44.47086],[10.761731,44.536118],[10.785066,44.634732],[10.822881,44.670591],[10.808533,44.712801],[10.839734,44.790122],[10.815102,44.807239],[10.887785,44.914023],[11.083081,44.961905],[11.163435,44.931516],[11.257017,44.947337],[11.23489,44.905973],[11.368638,44.842626],[11.293337,44.802702],[11.129597,44.780806],[11.078071,44.646981],[11.131707,44.601344],[11.136321,44.568177],[10.9924,44.444383],[11.042849,44.41706],[11.033621,44.315117],[10.953267,44.296891],[10.96779,44.24575],[10.936875,44.215603],[10.855005,44.230918],[10.813477,44.169263],[10.815869,44.113513],[10.707393,44.162012],[10.570393,44.125625],[10.483931,44.186808],[10.47123,44.22459]]]}},{"type":"Feature","properties":{"country_code":"IT","region_code":"IT-BO","name":"Bologna","native_name":"Bologna","type":"Province"},"geometry":{"type":"Polygon","coordinates":[[[11.129597,44.780806],[11.293337,44.802702],[11.260005,44.772962],[11.264597,44.707],[11.375032,44.777466],[11.606272,44.696409],[11.673201,44.635929],[11.788206,44.636588],[11.760015,44.582316],[11.789348,44.554422],[11.783767,44.530427],[11.742415,44.506477],[11.82033,44.395702],[11.756169,44.318831],[11.671685,44.317688],[11.634353,44.254671],[11.554966,44.217405],[11.526269,44.162223],[11.402541,44.234928],[11.291118,44.17079],[11.200217,44.156629],[11.255149,44.119033],[11.229375,44.102708],[11.041487,44.091809],[10.99073,44.139995],[10.919209,44.067804],[10.815869,44.113513],[10.813477,44.169263],[10.855005,44.230918],[10.936875,44.215603],[10.96779,44.24575],[10.953267,44.296891],[11.033621,44.315117],[11.042849,44.41706],[10.9924,44.444383],[11.136321,44.568177],[11.131707,44.601344],[11.078071,44.646981],[11.129597,44.780806]]]}},{"type":"Feature","properties":{"country_code":"IT","region_code":"IT-PT","name":"Pistoia","native_name":"Pistoia","type":"Province"},"geometry":{"type":"Polygon","coordinates":[[[10.657844,43.868809],[10.668655,43.974871],[10.735891,44.032077],[10.702031,44.093974],[10.610537,44.125702],[10.636025,44.153531],[10.733957,44.154673],[10.919209,44.067804],[10.99073,44.139995],[11.017295,44.133535],[11.007935,44.104125],[11.048254,44.092383],[11.015823,43.995426],[11.062712,43.97386],[11.02571,43.931607],[11.02593,43.852846],[11.00488,43.828555],[10.905784,43.799408],[10.813279,43.817898],[10.763071,43.801551],[10.657844,43.868809]]]}},{"type":"Feature","properties":{"country_code":"IT","region_code":"IT-TR","name":"Terni","native_name":"Terni","type":"Province"},"geometry":{"type":"Polygon","coordinates":[[[12.068269,42.938487],[12.317966,42.906055],[12.327107,42.857825],[12.29061,42.767276],[12.348728,42.726604],[12.350222,42.679429],[12.400759,42.706543],[12.442771,42.689679],[12.49823,42.73268],[12.557293,42.711004],[12.592053,42.745654],[12.622903,42.683296],[12.714133,42.599943],[12.843069,42.671749],[12.901978,42.6096],[12.880115,42.564688],[12.717649,42.494046],[12.722153,42.454],[12.652017,42.443816],[12.616926,42.465569],[12.592603,42.401002],[12.53688,42.369351],[12.438706,42.389038],[12.451516,42.42103],[12.280217,42.510404],[12.235833,42.64758],[12.152358,42.675814],[12.025137,42.645558],[11.930303,42.709103],[11.973457,42.760288],[11.889016,42.850387],[11.998484,42.877293],[12.068269,42.938487]]]}},{"type":"Feature","properties":{"country_code":"IT","region_code":"IT-PG","name":"Perugia","native_name":"Perugia","type":"Province"},"geometry":{"type":"MultiPolygon","coordinates":[[[[12.366987,42.675979],[12.336775,42.741765],[12.29061,42.767276],[12.327107,42.857825],[12.30085,42.9148],[12.068269,42.938487],[11.998484,42.877293],[11.931662,42.871681],[11.977808,43.046361],[11.963547,43.073135],[11.929841,43.068565],[11.922722,43.13757],[12.00958,43.196929],[12.029004,43.250224],[12.096658,43.245521],[12.215046,43.294872],[12.198457,43.318778],[12.138713,43.299992],[12.132627,43.357252],[12.037068,43.416524],[12.131287,43.477476],[12.097581,43.518279],[12.137483,43.531605],[12.204807,43.616826],[12.285952,43.591602],[12.358857,43.619408],[12.353123,43.573826],[12.309089,43.552073],[12.392563,43.522355],[12.431675,43.538428],[12.48832,43.52197],[12.608884,43.428872],[12.758167,43.461227],[12.746499,43.37883],[12.850935,43.208728],[12.833884,43.142953],[12.892837,43.09391],[12.91314,42.963425],[12.964666,42.926808],[12.972114,42.888696],[12.988594,42.915679],[13.048799,42.917843],[13.150444,42.823613],[13.224294,42.847674],[13.256287,42.802476],[13.248948,42.767781],[13.194478,42.749093],[13.187798,42.690316],[13.15385,42.645097],[13.017576,42.631561],[12.999294,42.608875],[12.901978,42.6096],[12.843069,42.671749],[12.749158,42.632891],[12.720637,42.59757],[12.622903,42.683296],[12.592053,42.745654],[12.563511,42.712838],[12.49823,42.73268],[12.447363,42.691635],[12.400759,42.706543],[12.366987,42.675979]]],[[[12.429819,43.63147],[12.444798,43.601057],[12.421195,43.58971],[12.407577,43.610136],[12.429819,43.63147]]]]}},{"type":"Feature","properties":{"country_code":"IT","region_code":"IT-FR","name":"Frosinone","native_name":"Frosinone","type":"Province"},"geometry":{"type":"Polygon","coordinates":[[[13.419851,41.400093],[13.318074,41.401653],[13.258879,41.435678],[13.29898,41.470339],[13.265779,41.52771],[13.209705,41.546596],[13.19261,41.588135],[13.156882,41.588574],[13.147148,41.653251],[13.000964,41.769409],[13.009929,41.818738],[13.082637,41.858014],[13.184436,41.848247],[13.30667,41.946069],[13.368611,41.907782],[13.361118,41.828659],[13.405217,41.831603],[13.545205,41.768201],[13.646631,41.81052],[13.714812,41.794788],[13.74999,41.751842],[13.891846,41.723651],[13.993953,41.625005],[14.009312,41.524645],[13.961807,41.470702],[13.862183,41.425999],[13.872576,41.335405],[13.786948,41.308577],[13.707385,41.347227],[13.625449,41.319058],[13.565376,41.403169],[13.445735,41.460166],[13.419851,41.400093]]]}},{"type":"Feature","properties":{"country_code":"IT","region_code":"IT-AV","name":"Avellino","native_name":"Avellino","type":"Province"},"geometry":{"type":"Polygon","coordinates":[[[14.653792,40.893953],[14.663525,40.916453],[14.582556,40.942908],[14.584402,41.039379],[14.712481,41.058132],[14.75313,41.013825],[14.781672,41.059055],[14.834978,41.038478],[14.993665,41.106494],[15.000169,41.134795],[14.963914,41.165469],[14.998169,41.205953],[14.991555,41.272036],[15.104099,41.248075],[15.178696,41.289054],[15.240132,41.26673],[15.267576,41.237869],[15.202866,41.153384],[15.280342,41.103847],[15.406026,41.105626],[15.55856,41.055122],[15.576248,41.026591],[15.536653,40.933262],[15.470867,40.901797],[15.369221,40.898952],[15.36208,40.834462],[15.298403,40.835681],[15.215764,40.715722],[15.17239,40.711382],[15.111658,40.765775],[14.918914,40.804985],[14.762315,40.805842],[14.710239,40.848392],[14.652473,40.826629],[14.574141,40.885252],[14.594443,40.903335],[14.653792,40.893953]],[[14.687805,40.972747],[14.707405,41.006332],[14.691255,41.029381],[14.672402,40.988941],[14.687805,40.972747]]]}},{"type":"Feature","properties":{"country_code":"IT","region_code":"IT-AQ","name":"L'Aquila","native_name":"L'Aquila","type":"Province"},"geometry":{"type":"Polygon","coordinates":[[[13.375884,42.603766],[13.436287,42.509361],[13.531648,42.444058],[13.73863,42.43784],[13.775237,42.41323],[13.843594,42.269265],[13.805559,42.2349],[13.795408,42.151162],[13.889341,42.163028],[14.001687,42.075807],[14.085381,42.086684],[14.102278,42.069798],[14.08158,42.00522],[14.099751,41.902322],[14.229411,41.877366],[14.142268,41.824165],[14.187114,41.765982],[13.994568,41.686913],[13.74999,41.751842],[13.714812,41.794788],[13.655684,41.809487],[13.536043,41.769234],[13.405217,41.831603],[13.357097,41.830834],[13.368611,41.907782],[13.311768,41.943949],[13.02843,42.031928],[13.013709,42.108458],[13.09426,42.173135],[13.241499,42.129058],[13.295508,42.133222],[13.305418,42.167455],[13.36749,42.185176],[13.272854,42.228693],[13.205991,42.318836],[13.160046,42.340775],[13.17835,42.399948],[13.128538,42.445266],[13.166572,42.485619],[13.136294,42.542287],[13.186106,42.586913],[13.327961,42.573059],[13.375884,42.603766]]]}},{"type":"Feature","properties":{"country_code":"IT","region_code":"IT-PN","name":"Pordenone","native_name":"Pordenone","type":"Province"},"geometry":{"type":"Polygon","coordinates":[[[12.500092,46.404181],[12.538374,46.363376],[12.641975,46.339305],[12.801233,46.357014],[12.965698,46.328922],[12.977959,46.256061],[12.945967,46.204228],[12.905735,45.961968],[12.917446,45.911761],[12.972927,45.869156],[12.95179,45.820717],[12.870051,45.846842],[12.826743,45.824441],[12.79196,45.85617],[12.672803,45.802062],[12.638855,45.832088],[12.567905,45.838855],[12.526289,45.920352],[12.447803,45.95965],[12.418953,46.050683],[12.499175,46.106647],[12.49823,46.146956],[12.452922,46.20971],[12.335918,46.269475],[12.444705,46.337744],[12.500092,46.404181]]]}},{"type":"Feature","properties":{"country_code":"IT","region_code":"IT-IS","name":"Isernia","native_name":"Isernia","type":"Province"},"geometry":{"type":"Polygon","coordinates":[[[14.490381,41.776079],[14.481152,41.745679],[14.519033,41.705755],[14.423189,41.644495],[14.501851,41.593892],[14.458301,41.528117],[14.392251,41.499387],[14.382695,41.441961],[14.222512,41.494806],[14.120867,41.495663],[14.080195,41.447708],[14.109551,41.395479],[14.088259,41.388744],[14.031482,41.398148],[13.961807,41.470702],[14.008674,41.553308],[13.992568,41.62829],[13.945701,41.688176],[14.001248,41.687484],[14.18294,41.762927],[14.141653,41.818683],[14.154727,41.839458],[14.191619,41.839568],[14.282871,41.906233],[14.428242,41.842381],[14.448457,41.766904],[14.490381,41.776079]]]}},{"type":"Feature","properties":{"country_code":"IT","region_code":"IT-BI","name":"Biella","native_name":"Biella","type":"Province"},"geometry":{"type":"Polygon","coordinates":[[[8.129582,45.756974],[8.182229,45.741934],[8.280381,45.661822],[8.29073,45.631247],[8.263176,45.594684],[8.289499,45.556507],[8.262956,45.504267],[8.112202,45.378231],[8.027036,45.403072],[8.027497,45.449104],[7.882214,45.534106],[7.880171,45.602693],[7.919546,45.649044],[7.916294,45.729662],[8.078386,45.720862],[8.129582,45.756974]]]}},{"type":"Feature","properties":{"country_code":"IT","region_code":"IT-PO","name":"Prato","native_name":"Prato","type":"Province"},"geometry":{"type":"Polygon","coordinates":[[[11.200106,44.104679],[11.135354,43.895022],[11.146934,43.861503],[11.062295,43.817019],[11.057043,43.759055],[10.977898,43.785445],[10.964099,43.812482],[11.024392,43.846287],[11.02571,43.931607],[11.062712,43.97386],[11.015823,43.995426],[11.048254,44.092383],[11.200106,44.104679]]]}}]}